,datadate,tic,prccd,ajexdi,prcod,prchd,prcld,cshtrd
5753,20170103,HSI,22150.40039,22150.40039,21993.35938,22189.31055,21883.82031,1302378400
5754,20170104,HSI,22134.4707,22134.4707,22201.08008,22228.06055,22076.63086,1437672200
5755,20170105,HSI,22456.68945,22456.68945,22302.64063,22483.00977,22230.31055,1830652300
5756,20170106,HSI,22503.00977,22503.00977,22583.28906,22605.66016,22445.7793,1389973700
5757,20170109,HSI,22558.68945,22558.68945,22561.10938,22626.42969,22476.34961,1303532900
5758,20170110,HSI,22744.84961,22744.84961,22561.16992,22744.84961,22549.85938,1422515900
5759,20170111,HSI,22935.34961,22935.34961,22816.00977,22944.58008,22767.36914,1554104200
5760,20170112,HSI,22829.01953,22829.01953,22956.43945,22971.49023,22751.66992,1454667000
5761,20170113,HSI,22937.38086,22937.38086,22879.57031,22971.44922,22859.2793,1371840300
5762,20170116,HSI,22718.15039,22718.15039,22895.35938,22908.85938,22657.34961,1313357700
5763,20170117,HSI,22840.9707,22840.9707,22819.86914,22867.83984,22710.92969,1019618000
5764,20170118,HSI,23098.25977,23098.25977,22889.33008,23151.75,22882.01953,1689344500
5765,20170119,HSI,23049.96094,23049.96094,23104.34961,23104.34961,22941.96094,1174126300
5766,20170120,HSI,22885.91016,22885.91016,22966.5293,22987.67969,22858.25,1207476100
5767,20170123,HSI,22898.51953,22898.51953,22926.30078,23068.08008,22861.28906,1068403800
5768,20170124,HSI,22949.85938,22949.85938,22965.25,22986.44922,22907.7793,1462887100
5769,20170125,HSI,23049.11914,23049.11914,23066.40039,23066.40039,22961.38086,1185813200
5770,20170126,HSI,23374.16992,23374.16992,23173.46094,23386.41016,23145.31055,1856554500
5771,20170127,HSI,23360.7793,23360.7793,23339.15039,23397.08984,23307.05078,777897700
5772,20170131,HSI,23360.7793,23360.7793,23339.15039,23397.08984,23307.05078,777897700
5773,20170201,HSI,23318.39063,23318.39063,23211.88086,23318.39063,23082.61914,1515037600
5774,20170202,HSI,23184.51953,23184.51953,23309.46094,23439.01953,23131.36914,987795900
5775,20170203,HSI,23129.21094,23129.21094,23216.9707,23226.91992,22997.46094,1339282100
5776,20170206,HSI,23348.24023,23348.24023,23239.28906,23348.24023,23149.69922,1439947300
5777,20170207,HSI,23331.57031,23331.57031,23287.89063,23403.59961,23256.68945,1523355600
5778,20170208,HSI,23485.13086,23485.13086,23284.75977,23520.76953,23160.99023,2601105500
5779,20170209,HSI,23525.14063,23525.14063,23533.51953,23644.63086,23489.65039,2741007400
5780,20170210,HSI,23574.98047,23574.98047,23645.90039,23718.4707,23573.84961,2143167300
5781,20170213,HSI,23710.98047,23710.98047,23664.5293,23751.91992,23615.39063,1990274600
5782,20170214,HSI,23703.00977,23703.00977,23695.28906,23735.10938,23614.4707,1957113500
5783,20170215,HSI,23994.86914,23994.86914,23771.94922,24067.61914,23771.94922,3843901700
5784,20170216,HSI,24107.69922,24107.69922,24139.31055,24161.39063,23969.57031,3806666400
5785,20170217,HSI,24033.74023,24033.74023,24077.86914,24106.33984,23944.67969,2302691000
5786,20170220,HSI,24146.08008,24146.08008,24066,24202.33984,24022.15039,1936955000
5787,20170221,HSI,23963.63086,23963.63086,24174.10938,24213.64063,23909.15039,1839886700
5788,20170222,HSI,24201.96094,24201.96094,24059.08984,24201.96094,23999.55078,2230148000
5789,20170223,HSI,24114.85938,24114.85938,24122.17969,24216.5293,24046.91016,1880958700
5790,20170224,HSI,23965.69922,23965.69922,24115.60938,24121.91016,23958.13086,1750717000
5791,20170227,HSI,23925.05078,23925.05078,23941.81055,24067.67969,23822.88086,1727456200
5792,20170228,HSI,23740.73047,23740.73047,23952.64063,24007.81055,23740.73047,1666247300
5793,20170301,HSI,23776.49023,23776.49023,23849.2207,23857.2793,23730.05078,1648831300
5794,20170302,HSI,23728.07031,23728.07031,24044.48047,24080.86914,23694.33008,2111361200
5795,20170303,HSI,23552.7207,23552.7207,23618.35938,23635.24023,23511.59961,2387983900
5796,20170306,HSI,23596.2793,23596.2793,23600.49023,23691.05078,23574.2793,1442731400
5797,20170307,HSI,23681.07031,23681.07031,23630.34961,23728,23585.76953,1282674500
5798,20170308,HSI,23782.26953,23782.26953,23627.2793,23816.23047,23563.14063,1823218000
5799,20170309,HSI,23501.56055,23501.56055,23667.76953,23673.58008,23456.06055,1781279500
5800,20170310,HSI,23568.66992,23568.66992,23534.98047,23603.76953,23438.85938,1534086200
5801,20170313,HSI,23829.66992,23829.66992,23643.30078,23877.58984,23567.92969,2016201800
5802,20170314,HSI,23827.94922,23827.94922,23871,23918.11914,23768.33984,1857167800
5803,20170315,HSI,23792.84961,23792.84961,23705.07031,23842.81055,23645.50977,1352441800
5804,20170316,HSI,24288.2793,24288.2793,24101.98047,24288.2793,24003.75,2576719000
5805,20170317,HSI,24309.92969,24309.92969,24376.13086,24385.81055,24237.9707,2512650300
5806,20170320,HSI,24501.99023,24501.99023,24312.57031,24501.99023,24312.57031,1716660600
5807,20170321,HSI,24593.11914,24593.11914,24565.73047,24656.65039,24500.34961,2055170800
5808,20170322,HSI,24320.41016,24320.41016,24336.33008,24380.41992,24207.09961,2136581500
5809,20170323,HSI,24327.69922,24327.69922,24381.03906,24466.73047,24271.25977,1795481600
5810,20170324,HSI,24358.26953,24358.26953,24396.41016,24420.76953,24263.16992,1784280200
5811,20170327,HSI,24193.69922,24193.69922,24235.68945,24434.90039,24138.7793,1730336000
5812,20170328,HSI,24345.86914,24345.86914,24329.16992,24360,24274.51953,1506216800
5813,20170329,HSI,24392.05078,24392.05078,24470.66016,24470.66016,24330.69922,1834977400
5814,20170330,HSI,24301.08984,24301.08984,24429.11914,24431.11914,24250.40039,1768917100
5815,20170331,HSI,24111.58984,24111.58984,24305.5293,24329.98047,24105.38086,1733165500
5816,20170403,HSI,24261.48047,24261.48047,24236.56055,24261.48047,24162.55078,1708951000
5817,20170404,HSI,24261.48047,24261.48047,24236.56055,24261.48047,24162.55078,1708951000
5818,20170405,HSI,24400.80078,24400.80078,24370.94922,24400.80078,24166.00977,2697900400
5819,20170406,HSI,24273.7207,24273.7207,24310.41016,24381.63086,24210.68945,1722179300
5820,20170407,HSI,24267.30078,24267.30078,24247.00977,24268.39063,23982.40039,2253021500
5821,20170410,HSI,24262.17969,24262.17969,24302.00977,24314.66016,24215.53906,1193963800
5822,20170411,HSI,24088.46094,24088.46094,24280.86914,24318.15039,24007.84961,1803272800
5823,20170412,HSI,24313.5,24313.5,24068.91016,24313.5,23994.13086,1534864800
5824,20170413,HSI,24261.66016,24261.66016,24173.41992,24378.38086,24158.16016,1334077800
5825,20170417,HSI,24261.66016,24261.66016,24173.41992,24378.38086,24158.16016,1334077800
5826,20170418,HSI,23924.53906,23924.53906,24268.16992,24276.31055,23892.58984,1552809600
5827,20170419,HSI,23825.88086,23825.88086,23875.98047,23893.14063,23723.86914,1568253100
5828,20170420,HSI,24056.98047,24056.98047,23851.01953,24058.86914,23827.07031,1512891800
5829,20170421,HSI,24042.01953,24042.01953,24143.03906,24190.14063,23991.86914,1345955400
5830,20170424,HSI,24139.48047,24139.48047,24185.75977,24206.43945,23958.17969,1338069100
5831,20170425,HSI,24455.93945,24455.93945,24204.7793,24455.93945,24201.91016,1880693800
5832,20170426,HSI,24578.42969,24578.42969,24563.25,24637.84961,24515.23047,1668740700
5833,20170427,HSI,24698.48047,24698.48047,24663.09961,24717.43945,24455.11914,1567031000
5834,20170428,HSI,24615.13086,24615.13086,24691.28906,24697.0293,24563.76953,1181584600
5835,20170502,HSI,24696.13086,24696.13086,24773.80078,24773.80078,24577.33008,1605780100
5836,20170503,HSI,24696.13086,24696.13086,24773.80078,24773.80078,24577.33008,1605780100
5837,20170504,HSI,24683.88086,24683.88086,24680.44922,24683.88086,24530.92969,1760179900
5838,20170505,HSI,24476.34961,24476.34961,24625.34961,24634.2793,24358.7207,2024201800
5839,20170508,HSI,24577.91016,24577.91016,24604.28906,24624.21094,24476.19922,1357855500
5840,20170509,HSI,24889.0293,24889.0293,24656.94922,24889.83008,24548.9707,1381056000
5841,20170511,HSI,25125.55078,25125.55078,25101.5293,25203.53906,25024.75977,1642633800
5842,20170512,HSI,25156.33984,25156.33984,25126.48047,25211.2793,25087.32031,1417408900
5843,20170515,HSI,25371.58984,25371.58984,25233.31055,25385.7207,25213.4707,2212734400
5844,20170516,HSI,25335.93945,25335.93945,25413.34961,25413.34961,25228.46094,1797601700
5845,20170517,HSI,25293.63086,25293.63086,25355.75977,25374.94922,25245.43945,1512406100
5846,20170518,HSI,25136.51953,25136.51953,25034.18945,25263.81055,25025.05078,1677298400
5847,20170519,HSI,25174.86914,25174.86914,25171.66016,25266.2207,25124.06055,1312777700
5848,20170522,HSI,25391.33984,25391.33984,25318.28906,25450.03906,25201.33984,1410586000
5849,20170523,HSI,25403.15039,25403.15039,25415.57031,25486.98047,25307.26953,1758690200
5850,20170524,HSI,25428.5,25428.5,25382.25977,25428.5,25296.66016,1409941800
5851,20170525,HSI,25630.7793,25630.7793,25511.46094,25680.66992,25491.7793,1890794600
5852,20170526,HSI,25639.26953,25639.26953,25670.98047,25724.40039,25588.69922,1453713000
5853,20170529,HSI,25701.63086,25701.63086,25672.40039,25744.7207,25579.15039,1077784400
5854,20170530,HSI,25701.63086,25701.63086,25672.40039,25744.7207,25579.15039,1077784400
5855,20170531,HSI,25660.65039,25660.65039,25706.44922,25817.94922,25650.06055,2997857600
5856,20170601,HSI,25809.2207,25809.2207,25736.34961,25834.75,25614.60938,2017055200
5857,20170602,HSI,25924.05078,25924.05078,25926.06055,25973,25851.84961,1990193800
5858,20170605,HSI,25862.99023,25862.99023,25976.35938,25998.66016,25801.83984,1766176100
5859,20170606,HSI,25997.14063,25997.14063,25819.5293,26019.00977,25805.01953,1540428000
5860,20170607,HSI,25974.16016,25974.16016,26025.21094,26073.43945,25898.82031,1999503900
5861,20170608,HSI,26063.06055,26063.06055,25974,26069.98047,25923.21094,1633520700
5862,20170609,HSI,26030.28906,26030.28906,26090.33008,26090.33008,25922.67969,2889395400
5863,20170612,HSI,25708.03906,25708.03906,25925.44922,25957.7793,25689.23047,1614682000
5864,20170613,HSI,25852.09961,25852.09961,25826.51953,25883.2207,25722.63086,1316444700
5865,20170614,HSI,25875.90039,25875.90039,25915.46094,25915.46094,25713.01953,1449845600
5866,20170615,HSI,25565.33984,25565.33984,25772.2793,25772.2793,25565.33984,1658076900
5867,20170616,HSI,25626.49023,25626.49023,25601.81055,25719.9707,25557.80078,1699429200
5868,20170619,HSI,25924.55078,25924.55078,25736.19922,25939.7207,25735.07031,1116125500
5869,20170620,HSI,25843.03906,25843.03906,26028.42969,26043.09961,25833.92969,1251563600
5870,20170621,HSI,25694.58008,25694.58008,25752.26953,25846.51953,25575.98047,1699891000
5871,20170622,HSI,25674.5293,25674.5293,25597.46094,25867.93945,25597.46094,1553964400
5872,20170623,HSI,25670.05078,25670.05078,25724.2793,25770.36914,25648.76953,1302570300
5873,20170627,HSI,25839.99023,25839.99023,25911.19922,25929.60938,25780.68945,1182985800
5874,20170628,HSI,25683.5,25683.5,25735.21094,25821.35938,25625.71094,1652872300
5875,20170629,HSI,25965.41992,25965.41992,25872.92969,25965.41992,25814.80078,1748405000
5876,20170630,HSI,25764.58008,25764.58008,25679.64063,25816.25,25661.42969,1616948900
5877,20170703,HSI,25784.16992,25784.16992,25654.76953,25821.39063,25654.76953,1505017700
5878,20170704,HSI,25389.00977,25389.00977,25782.84961,25838.26953,25251.7207,2402054600
5879,20170705,HSI,25521.9707,25521.9707,25354.38086,25559.17969,25199.85938,1868195300
5880,20170706,HSI,25465.2207,25465.2207,25574.57031,25599.69922,25436.83008,1494486100
5881,20170707,HSI,25340.84961,25340.84961,25377.21094,25409.90039,25315.91016,1480481500
5882,20170710,HSI,25500.06055,25500.06055,25392.0293,25622.75,25331.94922,1743504600
5883,20170711,HSI,25877.64063,25877.64063,25605.18945,25941.4707,25596.21094,2230926300
5884,20170712,HSI,26043.64063,26043.64063,25991.34961,26147.30078,25991.34961,2695389200
5885,20170713,HSI,26346.16992,26346.16992,26340.28906,26383.75977,26255.31055,1971724000
5886,20170714,HSI,26389.23047,26389.23047,26416.67969,26416.67969,26295.99023,1744841800
5887,20170717,HSI,26470.58008,26470.58008,26572.91992,26618.66016,26353.83008,1837446700
5888,20170718,HSI,26524.93945,26524.93945,26489.51953,26540.16992,26381.14063,1872330800
5889,20170719,HSI,26672.16016,26672.16016,26561.81055,26682.64063,26541.56055,1346812900
5890,20170720,HSI,26740.21094,26740.21094,26770.48047,26794.17969,26632.98047,1408343500
5891,20170721,HSI,26706.08984,26706.08984,26777.43945,26778.41992,26663.25,1502400500
5892,20170724,HSI,26846.83008,26846.83008,26720.03906,26882,26674.5,1532468700
5893,20170725,HSI,26852.05078,26852.05078,26847.58008,26889.69922,26799.76953,1450948000
5894,20170726,HSI,26941.01953,26941.01953,26960.81055,27007.26953,26786.63086,2176480400
5895,20170727,HSI,27131.16992,27131.16992,27002.69922,27169.15039,26962.0293,1763945900
5896,20170728,HSI,26979.39063,26979.39063,27007.9707,27047.88086,26928.43945,1456040200
5897,20170731,HSI,27323.99023,27323.99023,27048.44922,27324.38086,27045.41016,1693214100
5898,20170801,HSI,27540.23047,27540.23047,27326.03906,27558,27326.03906,2392422600
5899,20170802,HSI,27607.38086,27607.38086,27645.2793,27747.34961,27570.5,2052633600
5900,20170803,HSI,27531.00977,27531.00977,27533.50977,27601.05078,27399.58008,1682624400
5901,20170804,HSI,27562.67969,27562.67969,27564.71094,27615.0293,27508.10938,1464939100
5902,20170807,HSI,27690.35938,27690.35938,27665.71094,27731.91992,27629.19922,1484632800
5903,20170808,HSI,27854.91016,27854.91016,27684.59961,27867.56055,27626.18945,1726572600
5904,20170810,HSI,27444,27444,27791.35938,27791.35938,27267.0293,2175962000
5905,20170811,HSI,26883.50977,26883.50977,27000.42969,27184.21094,26863.71094,3133494700
5906,20170814,HSI,27250.23047,27250.23047,27091.76953,27268.23047,27032.40039,1416372000
5907,20170815,HSI,27174.96094,27174.96094,27371.25,27438.41992,27174.96094,2735953400
5908,20170816,HSI,27409.07031,27409.07031,27238.81055,27422.30078,27238.81055,1771056700
5909,20170817,HSI,27344.2207,27344.2207,27610.28906,27624.51953,27302.48047,1795330700
5910,20170818,HSI,27047.57031,27047.57031,26999.59961,27236.32031,26951.91992,1691600400
5911,20170821,HSI,27154.67969,27154.67969,27100.63086,27221.31055,27086.42969,1770623000
5912,20170822,HSI,27401.66992,27401.66992,27322.19922,27509.06055,27316.08008,2049708500
5913,20170823,HSI,27401.66992,27401.66992,27322.19922,27509.06055,27316.08008,2049708500
5914,20170824,HSI,27518.59961,27518.59961,27642.23047,27642.23047,27485.86914,2691510500
5915,20170825,HSI,27848.16016,27848.16016,27539.10938,27878.36914,27480.10938,3791271400
5916,20170828,HSI,27863.28906,27863.28906,27905.58984,28071.58984,27806.05078,3019391000
5917,20170829,HSI,27765.00977,27765.00977,27744.58008,27839.83008,27638.73047,1717761500
5918,20170830,HSI,28094.60938,28094.60938,27957.74023,28127.90039,27912.82031,2142434100
5919,20170831,HSI,27970.30078,27970.30078,27934.44922,27994.06055,27861.48047,2795558800
5920,20170904,HSI,27740.25977,27740.25977,27881.71094,27884.46094,27662.28906,1626723800
5921,20170905,HSI,27741.34961,27741.34961,27797.43945,27871.75977,27685.30078,1237100600
5922,20170906,HSI,27613.75977,27613.75977,27671.56055,27684.25977,27421.78906,1666660000
5923,20170907,HSI,27522.91992,27522.91992,27817.86914,27817.86914,27492.82031,1779146800
5924,20170908,HSI,27668.4707,27668.4707,27571.58984,27708.08984,27569.13086,1416125500
5925,20170911,HSI,27955.13086,27955.13086,27877.68945,27976.98047,27859,1381742800
5926,20170912,HSI,27972.24023,27972.24023,28068.69922,28071.53906,27883.83008,1313208800
5927,20170913,HSI,27894.08008,27894.08008,27984.26953,27984.26953,27751.2793,1437295600
5928,20170914,HSI,27777.19922,27777.19922,27788.83984,27895.07031,27699.08984,1650316300
5929,20170915,HSI,27807.58984,27807.58984,27736.59961,27893.58008,27514.03906,2164173900
5930,20170918,HSI,28159.76953,28159.76953,27971.36914,28160.39063,27917.17969,1546268100
5931,20170919,HSI,28051.41016,28051.41016,28200.53906,28248.11914,28032.16992,1601237600
5932,20170920,HSI,28127.80078,28127.80078,28099.28906,28149.35938,28013.10938,1496733100
5933,20170921,HSI,28110.33008,28110.33008,28091.24023,28184.36914,28046.93945,1625346200
5934,20170922,HSI,27880.5293,27880.5293,27949.83008,27960.91992,27845.51953,1379309700
5935,20170925,HSI,27500.33984,27500.33984,27851.53906,27851.53906,27476.26953,1800222600
5936,20170926,HSI,27513.00977,27513.00977,27308.60938,27567.88086,27300.36914,1683566500
5937,20170927,HSI,27642.42969,27642.42969,27503.05078,27673.40039,27503.05078,1812425000
5938,20170928,HSI,27421.59961,27421.59961,27661.26953,27665.16016,27421.59961,1968973700
5939,20170929,HSI,27554.30078,27554.30078,27492.13086,27581.13086,27383.16016,1665527400
5940,20171002,HSI,27554.30078,27554.30078,27492.13086,27581.13086,27383.16016,1665527400
5941,20171003,HSI,28173.21094,28173.21094,27884.21094,28194.16016,27737.38086,3430577300
5942,20171004,HSI,28379.17969,28379.17969,28311.26953,28521.76953,28311.26953,2095400500
5943,20171005,HSI,28379.17969,28379.17969,28311.26953,28521.76953,28311.26953,2095400500
5944,20171006,HSI,28458.03906,28458.03906,28626.41016,28626.41016,28377.84961,1967890900
5945,20171009,HSI,28326.58984,28326.58984,28440.16992,28488.34961,28282.00977,1745232800
5946,20171010,HSI,28490.83008,28490.83008,28334.91992,28503.83984,28260.19922,1388761700
5947,20171011,HSI,28389.57031,28389.57031,28622.00977,28625.66016,28330.73047,1874745400
5948,20171012,HSI,28459.0293,28459.0293,28431.05078,28528.71094,28343.32031,1579431600
5949,20171013,HSI,28476.42969,28476.42969,28423.65039,28492.39063,28369.86914,1616416300
5950,20171016,HSI,28692.80078,28692.80078,28661.98047,28792.06055,28620.38086,1740653100
5951,20171017,HSI,28697.49023,28697.49023,28777.17969,28777.17969,28641.94922,1286878300
5952,20171019,HSI,28159.08984,28159.08984,28783.84961,28798.7793,28094.53906,2125428600
5953,20171020,HSI,28487.24023,28487.24023,28360.01953,28519.75977,28313.69922,1493189400
5954,20171023,HSI,28305.88086,28305.88086,28557.80078,28557.80078,28253.32031,1712055400
5955,20171024,HSI,28154.9707,28154.9707,28232.61914,28356.09961,28098.83008,1426893600
5956,20171025,HSI,28302.89063,28302.89063,28238.84961,28387.21094,28198.56055,1272809300
5957,20171026,HSI,28202.38086,28202.38086,28165.60938,28316.19922,28102.75,1431611800
5958,20171027,HSI,28438.84961,28438.84961,28332.91016,28494.51953,28305.73047,2255521100
5959,20171030,HSI,28336.18945,28336.18945,28585.15039,28650.82031,28336.18945,2133304700
5960,20171031,HSI,28245.53906,28245.53906,28247,28354.10938,28183.78906,2447177600
5961,20171101,HSI,28594.06055,28594.06055,28387.55078,28606.58984,28329.5,2316556900
5962,20171102,HSI,28518.64063,28518.64063,28604.94922,28643.58008,28492.19922,2151398900
5963,20171103,HSI,28603.60938,28603.60938,28603.50977,28661.28906,28542.66016,1576569100
5964,20171106,HSI,28596.80078,28596.80078,28616.34961,28650.78906,28137.76953,2260004000
5965,20171107,HSI,28994.33984,28994.33984,28715.40039,29017.40039,28715.07031,2128719800
5966,20171108,HSI,28907.59961,28907.59961,28950.5,29123.43945,28885.07031,1831425800
5967,20171109,HSI,29136.57031,29136.57031,28987.78906,29192.50977,28960.05078,1822998100
5968,20171110,HSI,29120.91992,29120.91992,29060.13086,29237.84961,29036.44922,1781772000
5969,20171113,HSI,29182.17969,29182.17969,29058.23047,29258.5,29058.23047,1786820800
5970,20171114,HSI,29152.11914,29152.11914,29272.09961,29320.0293,29143.63086,1697043600
5971,20171115,HSI,28851.68945,28851.68945,29026.10938,29106.49023,28851.68945,2046100400
5972,20171116,HSI,29018.75977,29018.75977,28963.76953,29095.49023,28877.75977,1501023200
5973,20171117,HSI,29199.03906,29199.03906,29214.35938,29341.91992,29158.34961,2068123000
5974,20171120,HSI,29260.31055,29260.31055,29227.08008,29299.86914,29089.58008,1619910000
5975,20171121,HSI,29818.07031,29818.07031,29369.68945,29818.07031,29343.48047,2467367300
5976,20171122,HSI,30003.49023,30003.49023,30087.18945,30199.68945,29911.07031,2474928600
5977,20171123,HSI,29707.93945,29707.93945,30033.17969,30169.99023,29593.78906,2099356300
5978,20171124,HSI,29866.32031,29866.32031,29788.17969,29918.91992,29696.58984,1534288700
5979,20171127,HSI,29686.18945,29686.18945,29857.65039,29859.10938,29610.96094,1485230700
5980,20171128,HSI,29680.84961,29680.84961,29608.64063,29687.44922,29334.58984,1744542000
5981,20171129,HSI,29623.83008,29623.83008,29813.93945,29831.18945,29563.39063,1434723600
5982,20171130,HSI,29177.34961,29177.34961,29340.26953,29353.50977,29127.30078,2435496800
5983,20171201,HSI,29074.24023,29074.24023,29261.31055,29345.9707,29028.75977,2086681200
5984,20171204,HSI,29138.2793,29138.2793,28951.18945,29343.7793,28803.18945,1624072100
5985,20171205,HSI,28842.80078,28842.80078,28898.58008,29124.24023,28838.11914,1439200300
5986,20171206,HSI,28224.80078,28224.80078,28850.35938,28929.21094,28204.5293,2605434400
5987,20171207,HSI,28303.18945,28303.18945,28366.14063,28478.33984,28134.92969,1782453900
5988,20171208,HSI,28639.84961,28639.84961,28400.00977,28705.75977,28344.39063,1747376700
5989,20171211,HSI,28965.28906,28965.28906,28645.41016,28998.50977,28645.41016,2127756300
5990,20171212,HSI,28793.88086,28793.88086,28972.74023,29066.76953,28745.73047,2135704400
5991,20171213,HSI,29222.09961,29222.09961,28856.7793,29276.66992,28707.59961,2574054200
5992,20171214,HSI,29166.38086,29166.38086,29335.75977,29367.50977,29047.60938,1959305700
5993,20171215,HSI,28848.10938,28848.10938,29000.10938,29017.66016,28738.83984,1999793000
5994,20171218,HSI,29050.41016,29050.41016,28923.5293,29143.33008,28821.18945,1637861800
5995,20171219,HSI,29253.66016,29253.66016,29193.74023,29339.10938,29144.16992,1633522100
5996,20171220,HSI,29234.08984,29234.08984,29199.28906,29326.51953,29159.2793,1308865200
5997,20171221,HSI,29367.06055,29367.06055,29209.64063,29431.81055,29145.13086,1440980300
5998,20171222,HSI,29578.00977,29578.00977,29505.05078,29578.00977,29413.85938,1282144300
5999,20171226,HSI,29578.00977,29578.00977,29505.05078,29578.00977,29413.85938,1282144300
6000,20171227,HSI,29597.66016,29597.66016,29632.9707,29693.82031,29516.50977,1725832000
6001,20171228,HSI,29863.71094,29863.71094,29684.78906,29873.09961,29661.06055,1339575400
6002,20171229,HSI,29919.15039,29919.15039,29914.05078,29997.96094,29849.31055,1365770800
6003,20180102,HSI,30515.31055,30515.31055,30028.28906,30515.31055,30028.28906,2442333400
6004,20180103,HSI,30560.94922,30560.94922,30658.73047,30724.32031,30456.75977,2309467700
6005,20180104,HSI,30736.48047,30736.48047,30691.71094,30796.92969,30560.42969,2995571100
6006,20180105,HSI,30814.64063,30814.64063,30893.85938,30911.00977,30638.5293,2263930100
6007,20180108,HSI,30899.5293,30899.5293,30895.08984,30929.15039,30732.53906,2004162500
6008,20180109,HSI,31011.41016,31011.41016,30933.50977,31056.69922,30852.42969,2004940800
6009,20180110,HSI,31073.7207,31073.7207,31009.24023,31267.57031,30928.58008,2595365800
6010,20180111,HSI,31120.39063,31120.39063,31066.21094,31133.17969,30950.07031,1794778900
6011,20180112,HSI,31412.53906,31412.53906,31298.05078,31412.53906,31198.35938,2327417400
6012,20180115,HSI,31338.86914,31338.86914,31702.56055,31733.17969,31265.25,2664144600
6013,20180116,HSI,31904.75,31904.75,31423.61914,31904.75,31423.61914,3097059200
6014,20180117,HSI,31983.41016,31983.41016,31825.51953,31983.41016,31642.26953,3999243800
6015,20180118,HSI,32121.93945,32121.93945,32148.44922,32233.81055,31869.69922,3741499700
6016,20180119,HSI,32254.89063,32254.89063,32142.16016,32254.89063,31986,2906627500
6017,20180122,HSI,32393.41016,32393.41016,32276.96094,32417.23047,32046.83984,2880231400
6018,20180123,HSI,32930.69922,32930.69922,32606.14063,32930.69922,32554.23047,3954770600
6019,20180124,HSI,32958.69141,32958.69141,32907.23047,33018.71094,32728.50977,3897512100
6020,20180125,HSI,32654.44922,32654.44922,32979.37891,32998.05078,32650.2207,3554766400
6021,20180126,HSI,33154.12109,33154.12109,32836.28125,33223.57813,32794.12891,3892652400
6022,20180129,HSI,32966.89063,32966.89063,33335.48047,33484.07813,32897.03906,3605090600
6023,20180130,HSI,32607.28906,32607.28906,32751.7207,32976.75,32501.34961,3177122400
6024,20180131,HSI,32887.26953,32887.26953,32435.75977,32933.98047,32330.39063,3314255500
6025,20180201,HSI,32642.08984,32642.08984,32950.30078,33048.03906,32642.08984,2769125200
6026,20180202,HSI,32601.7793,32601.7793,32569.00977,32778.51172,32321.41992,2571367100
6027,20180205,HSI,32245.2207,32245.2207,31715.56055,32394.86914,31712.01953,3135015100
6028,20180206,HSI,30595.41992,30595.41992,31028.67969,31286.0293,30577.83008,5531270100
6029,20180207,HSI,30323.19922,30323.19922,31378.34961,31472.4707,30292.15039,4620281500
6030,20180208,HSI,30451.26953,30451.26953,30555.80078,30739.10938,30251.32031,3145081200
6031,20180209,HSI,29507.41992,29507.41992,29679.21094,29679.21094,29129.25977,5171294500
6032,20180212,HSI,29459.63086,29459.63086,29713.08008,29801.51953,29459.63086,2815461600
6033,20180213,HSI,29839.5293,29839.5293,29850.15039,30169,29783.09961,2709197500
6034,20180214,HSI,30515.59961,30515.59961,30024.4707,30637.23047,29968.53906,2408651200
6035,20180215,HSI,31115.42969,31115.42969,30958.71094,31145.09961,30816.65039,2070618100
6036,20180219,HSI,31115.42969,31115.42969,30958.71094,31145.09961,30816.65039,2070618100
6037,20180220,HSI,30873.63086,30873.63086,31165.28906,31339.68945,30720.48047,2033432100
6038,20180221,HSI,31431.89063,31431.89063,31050.51953,31477.84961,30885.94922,1933845300
6039,20180222,HSI,30965.67969,30965.67969,31084.44922,31195.26953,30930.09961,2391326700
6040,20180223,HSI,31267.16992,31267.16992,31289.08008,31386.81055,31149.32031,1667179100
6041,20180226,HSI,31498.59961,31498.59961,31528.28906,31567.46094,31273.94922,2025591300
6042,20180227,HSI,31268.66016,31268.66016,31790.84961,31798.98047,31141.51953,2579124300
6043,20180228,HSI,30844.7207,30844.7207,31037.41016,31061.75977,30703.90039,2407877200
6044,20180301,HSI,31044.25,31044.25,30476.99023,31081.67969,30453.82031,2116269800
6045,20180302,HSI,30583.44922,30583.44922,30611.09961,30670.93945,30477.94922,2955637100
6046,20180305,HSI,29886.39063,29886.39063,30524.25977,30679.4707,29852.41992,2279546200
6047,20180306,HSI,30510.73047,30510.73047,30380.96094,30620.06055,30129.80078,2270403000
6048,20180307,HSI,30196.91992,30196.91992,30323.76953,30673.08008,30117.40039,2135337500
6049,20180308,HSI,30654.51953,30654.51953,30523.67969,30724.0293,30428.60938,1529390000
6050,20180309,HSI,30996.21094,30996.21094,30858.26953,30996.21094,30840.80078,1470749100
6051,20180312,HSI,31594.33008,31594.33008,31536.30078,31607.58008,31342.48047,2173275800
6052,20180313,HSI,31601.44922,31601.44922,31570.19922,31709.99023,31461.4707,2111965400
6053,20180314,HSI,31435.00977,31435.00977,31321.78906,31453.48047,31141.84961,1707584900
6054,20180315,HSI,31541.09961,31541.09961,31181.15039,31583.38086,31121.66016,1496758200
6055,20180316,HSI,31501.9707,31501.9707,31363.0293,31564.7793,31337.44922,2345452800
6056,20180319,HSI,31513.75977,31513.75977,31370.4707,31656.30078,31244.61914,1440844700
6057,20180320,HSI,31549.92969,31549.92969,31315.41992,31576.05078,31183.40039,1746878600
6058,20180321,HSI,31414.51953,31414.51953,31811.98047,31978.14063,31381.53906,2309098300
6059,20180322,HSI,31071.05078,31071.05078,31575.92969,31686.66992,31018.43945,2103533300
6060,20180323,HSI,30309.28906,30309.28906,29930.23047,30320.31055,29930.23047,3522395400
6061,20180326,HSI,30548.76953,30548.76953,30267.07031,30548.76953,29995.16016,2317282800
6062,20180327,HSI,30790.83008,30790.83008,30985.75,30985.75,30738.75977,2049855800
6063,20180328,HSI,30022.5293,30022.5293,30510.38086,30637.21094,30022.5293,2209028300
6064,20180329,HSI,30093.38086,30093.38086,30154.17969,30252.94922,29819.63086,2167328200
6065,20180402,HSI,30093.38086,30093.38086,30154.17969,30252.94922,29819.63086,2167328200
6066,20180403,HSI,30180.09961,30180.09961,29927.88086,30269.2793,29755.35938,1908642500
6067,20180404,HSI,29518.68945,29518.68945,30244.2207,30329.08008,29518.68945,1816082600
6068,20180405,HSI,29518.68945,29518.68945,30244.2207,30329.08008,29518.68945,1816082600
6069,20180406,HSI,29844.93945,29844.93945,29750.24023,29980.56055,29608.33008,1698284100
6070,20180409,HSI,30229.58008,30229.58008,30104.32031,30514.80078,29909.36914,1841272200
6071,20180410,HSI,30728.74023,30728.74023,30205.08984,30806.85938,30163.08984,2270263700
6072,20180411,HSI,30897.71094,30897.71094,30761.23047,31021.11914,30723.07031,2291863000
6073,20180412,HSI,30831.2793,30831.2793,31094.10938,31094.10938,30637.14063,1754477200
6074,20180413,HSI,30808.38086,30808.38086,31076.75977,31076.75977,30707.76953,1406304600
6075,20180416,HSI,30315.58984,30315.58984,30849.7207,30849.7207,30190.75,1827774700
6076,20180417,HSI,30062.75,30062.75,30354.89063,30477.78906,30012.69922,1916884600
6077,20180418,HSI,30284.25,30284.25,30469.94922,30487.16992,29979.40039,2001652800
6078,20180419,HSI,30708.43945,30708.43945,30532.94922,30761.4707,30451,2221670500
6079,20180420,HSI,30418.33008,30418.33008,30647.93945,30848.4707,30355.78906,1661298600
6080,20180423,HSI,30254.40039,30254.40039,30327.0293,30481.85938,30184.44922,1516737400
6081,20180424,HSI,30636.24023,30636.24023,30353.83008,30665.09961,30335.28906,1741299100
6082,20180425,HSI,30328.15039,30328.15039,30486.85938,30507.18945,30244.16016,1674472500
6083,20180426,HSI,30007.67969,30007.67969,30378.15039,30463.41992,29871.19922,1765452500
6084,20180427,HSI,30280.66992,30280.66992,30300.83008,30336,30019.11914,1610929100
6085,20180430,HSI,30808.44922,30808.44922,30530.40039,30853.13086,30483.91016,1923280800
6086,20180502,HSI,30723.88086,30723.88086,30782.21094,30824.76953,30570.81055,1643135500
6087,20180503,HSI,30313.36914,30313.36914,30405.48047,30432.07031,30118.65039,1736327100
6088,20180504,HSI,29926.5,29926.5,30316.98047,30341.46094,29859.30078,1754754700
6089,20180507,HSI,29994.25977,29994.25977,30102.06055,30138.33008,29791.86914,1441380300
6090,20180508,HSI,30402.81055,30402.81055,30123.76953,30444.2207,30123.76953,1623605700
6091,20180509,HSI,30536.14063,30536.14063,30452.16016,30568.75977,30346.61914,1360669300
6092,20180510,HSI,30809.2207,30809.2207,30716.9707,30851.30078,30712.92969,1534597300
6093,20180511,HSI,31122.06055,31122.06055,31151.80078,31277.39063,31032.43945,1627487900
6094,20180514,HSI,31541.08008,31541.08008,31498.35938,31592.56055,31423.57031,1794416600
6095,20180515,HSI,31152.0293,31152.0293,31573.17969,31573.17969,31152.0293,1566899600
6096,20180516,HSI,31110.19922,31110.19922,31014.7207,31218.08008,30818.7793,1348037300
6097,20180517,HSI,30942.15039,30942.15039,31416.71094,31416.71094,30942.15039,1499907300
6098,20180518,HSI,31047.91016,31047.91016,31033.9707,31148.06055,30904.67969,1722070700
6099,20180521,HSI,31234.34961,31234.34961,31232.78906,31464.09961,31232.78906,1599624500
6100,20180522,HSI,31234.34961,31234.34961,31232.78906,31464.09961,31232.78906,1599624500
6101,20180523,HSI,30665.64063,30665.64063,31191.86914,31191.86914,30665.64063,2434017000
6102,20180524,HSI,30760.41016,30760.41016,30718.66016,30788.9707,30589.38086,1579074300
6103,20180525,HSI,30588.03906,30588.03906,30664.26953,30736.9707,30525.74023,1677533500
6104,20180528,HSI,30792.25977,30792.25977,30759.83984,30839.30078,30530.4707,1736227200
6105,20180530,HSI,30056.78906,30056.78906,30109.36914,30241.23047,29964.33984,2407803400
6106,20180531,HSI,30468.56055,30468.56055,30274.17969,30533.58008,30148.42969,4110003600
6107,20180601,HSI,30492.91016,30492.91016,30548.7793,30581.11914,30363.49023,2778527900
6108,20180604,HSI,30997.98047,30997.98047,30836.76953,31012.91992,30743.17969,1836620100
6109,20180605,HSI,31093.44922,31093.44922,31009.4707,31188.92969,30896.10938,1722042700
6110,20180606,HSI,31259.09961,31259.09961,31162.01953,31332.41992,31161.36914,1465410700
6111,20180607,HSI,31512.63086,31512.63086,31464.63086,31521.13086,31369.2793,1937967000
6112,20180608,HSI,30958.21094,30958.21094,31435.25977,31435.25977,30874.09961,1721286300
6113,20180611,HSI,31063.69922,31063.69922,31016.51953,31134.0293,30898.57031,1323340300
6114,20180612,HSI,31103.06055,31103.06055,31029.84961,31242.85938,30944.9707,1378992000
6115,20180613,HSI,30725.15039,30725.15039,30990.36914,31023.73047,30688.25977,1630943500
6116,20180614,HSI,30440.16992,30440.16992,30684.07031,30777.96094,30349.96094,2128385000
6117,20180618,HSI,30309.49023,30309.49023,30411.07031,30519.28906,30259.10938,2336474000
6118,20180619,HSI,29468.15039,29468.15039,29999.00977,30012.03906,29332.2793,3563935000
6119,20180620,HSI,29696.16992,29696.16992,29478.46094,29944.30078,29406.19922,2235041100
6120,20180621,HSI,29296.05078,29296.05078,29764.05078,29882.26953,29285.71094,2026711800
6121,20180622,HSI,29338.69922,29338.69922,29215.53906,29436.83984,29089.39063,2153358900
6122,20180625,HSI,28961.39063,28961.39063,29326.11914,29403.35938,28895.40039,2300773700
6123,20180626,HSI,28881.40039,28881.40039,28881.17969,29034.23047,28505.08984,2528392900
6124,20180627,HSI,28356.25977,28356.25977,28957.64063,28988.83008,28342.82031,2572195600
6125,20180628,HSI,28497.32031,28497.32031,28368.00977,28567.28906,28169.09961,2569401700
6126,20180629,HSI,28955.10938,28955.10938,28463.84961,28962.28906,28463.84961,2390149600
6127,20180702,HSI,28955.10938,28955.10938,28463.84961,28962.28906,28463.84961,2390149600
6128,20180703,HSI,28545.57031,28545.57031,28617,28617,27990.44922,3283196100
6129,20180704,HSI,28241.66992,28241.66992,28546.32031,28642.33984,28141.2793,2102178600
6130,20180705,HSI,28182.08984,28182.08984,28101.84961,28320.90039,27830.75,1879594600
6131,20180706,HSI,28315.61914,28315.61914,28254.36914,28554.21094,27925.33008,2018289300
6132,20180709,HSI,28688.5,28688.5,28606.16016,28821.53906,28518.51953,1877898300
6133,20180710,HSI,28682.25,28682.25,28900.71094,28981.92969,28682.25,1667619300
6134,20180711,HSI,28311.68945,28311.68945,28013.7207,28365.7207,28013.7207,1871183500
6135,20180712,HSI,28480.83008,28480.83008,28260.08984,28614.5293,28217.31055,1850926800
6136,20180713,HSI,28525.43945,28525.43945,28689.17969,28715.35938,28500.50977,1449784600
6137,20180716,HSI,28539.66016,28539.66016,28580.96094,28699.21094,28327,1239642900
6138,20180717,HSI,28181.67969,28181.67969,28451.5,28460.86914,28137.94922,1700682900
6139,20180718,HSI,28117.41992,28117.41992,28352.10938,28386.38086,28045.4707,1507604000
6140,20180719,HSI,28010.85938,28010.85938,28251.16016,28329.98047,27998.35938,1495109900
6141,20180720,HSI,28224.48047,28224.48047,28054.75977,28294.74023,27745.84961,2439680200
6142,20180723,HSI,28256.11914,28256.11914,28298.60938,28391.58008,28091.06055,1893557000
6143,20180724,HSI,28662.57031,28662.57031,28282.30078,28718,28282.30078,2416350500
6144,20180725,HSI,28920.90039,28920.90039,28906.9707,28964.78906,28764.34961,1632380100
6145,20180726,HSI,28781.14063,28781.14063,29083.40039,29083.40039,28625.08008,1418097900
6146,20180727,HSI,28804.2793,28804.2793,28734.73047,28816.68945,28572.78906,1206039800
6147,20180730,HSI,28733.13086,28733.13086,28631.05078,28839.24023,28539.56055,1231291800
6148,20180731,HSI,28583.00977,28583.00977,28663.14063,28682.31055,28538.0293,1464571200
6149,20180801,HSI,28340.74023,28340.74023,28756.7207,28772.80078,28219.9707,1516068100
6150,20180802,HSI,27714.56055,27714.56055,28159.00977,28218.2793,27578.08984,1989173700
6151,20180803,HSI,27676.32031,27676.32031,27751.59961,27786.15039,27604.56055,1608505200
6152,20180806,HSI,27819.56055,27819.56055,27885.50977,28074.5293,27730.41992,1445836100
6153,20180807,HSI,28248.88086,28248.88086,27889.43945,28266.67969,27843.16016,1553852900
6154,20180808,HSI,28359.14063,28359.14063,28473.48047,28473.48047,28224.46094,1611650400
6155,20180810,HSI,28366.61914,28366.61914,28614.73047,28665.90039,28296.99023,1284477700
6156,20180813,HSI,27936.57031,27936.57031,27956.7793,28085.16992,27823.21094,1484354700
6157,20180814,HSI,27752.92969,27752.92969,27938.32031,27946.55078,27522.82031,1490419600
6158,20180815,HSI,27323.58984,27323.58984,27724.7207,27727.26953,27249.08008,1913746300
6159,20180816,HSI,27100.06055,27100.06055,26871.10938,27405.25,26871.10938,2138210600
6160,20180817,HSI,27213.41016,27213.41016,27388.57031,27450.83984,27101.09961,1557764000
6161,20180820,HSI,27598.01953,27598.01953,27273.7793,27609.80078,27209.2207,1660834700
6162,20180821,HSI,27752.78906,27752.78906,27670.53906,27771.30078,27526.30078,1699480400
6163,20180823,HSI,27790.46094,27790.46094,28005.33008,28051.65039,27659.21094,1462580600
6164,20180824,HSI,27671.86914,27671.86914,27565.98047,27830.91016,27532.06055,1492245200
6165,20180827,HSI,28271.26953,28271.26953,28016.66016,28289.06055,27956.03906,2133548500
6166,20180828,HSI,28351.61914,28351.61914,28530.89063,28579.64063,28234.5293,1651324700
6167,20180829,HSI,28416.43945,28416.43945,28362.83984,28485.83008,28272.13086,1365810400
6168,20180830,HSI,28164.05078,28164.05078,28533.92969,28533.92969,28121.40039,1292190100
6169,20180831,HSI,27888.55078,27888.55078,27798.21094,27962.0293,27720.32031,1923264400
6170,20180903,HSI,27712.53906,27712.53906,27809.44922,27822.18945,27577.03906,1396877700
6171,20180904,HSI,27973.33984,27973.33984,27619.17969,27984.89063,27563.78906,1102334700
6172,20180905,HSI,27243.84961,27243.84961,27789.01953,27861.99023,27208.33984,1913637000
6173,20180906,HSI,26974.82031,26974.82031,27069.21094,27268.39063,26818.82031,2172071800
6174,20180907,HSI,26973.4707,26973.4707,26895.86914,27196.57031,26669.58008,2859939000
6175,20180910,HSI,26613.41992,26613.41992,26922.26953,26926.63086,26453.28906,2045973800
6176,20180911,HSI,26422.55078,26422.55078,26611.92969,26690.65039,26394.86914,1688227600
6177,20180912,HSI,26345.03906,26345.03906,26462.82031,26468.91016,26219.56055,2255883500
6178,20180913,HSI,27014.49023,27014.49023,26798.39063,27014.49023,26648.76953,2336699600
6179,20180914,HSI,27286.41016,27286.41016,27229.78906,27340.01953,27027.44922,1707220300
6180,20180917,HSI,26932.84961,26932.84961,27029.91016,27037.48047,26763.21094,1262149500
6181,20180918,HSI,27084.66016,27084.66016,26846.33008,27156.55078,26648.99023,1810262900
6182,20180919,HSI,27407.36914,27407.36914,27170.01953,27488.34961,27085.78906,1874196000
6183,20180920,HSI,27477.66992,27477.66992,27605.7207,27628.18945,27327.23047,1399791400
6184,20180921,HSI,27953.58008,27953.58008,27712.34961,27965.96094,27536.26953,2777208200
6185,20180924,HSI,27499.39063,27499.39063,27783.84961,27783.84961,27425.00977,1511079800
6186,20180925,HSI,27499.39063,27499.39063,27783.84961,27783.84961,27425.00977,1511079800
6187,20180926,HSI,27816.86914,27816.86914,27606.81055,28031.81055,27589.36914,2338781100
6188,20180927,HSI,27715.66992,27715.66992,27912.50977,27928.28906,27638.53906,1440548100
6189,20180928,HSI,27788.51953,27788.51953,27879.06055,27927.94922,27672.83008,1636511300
6190,20181001,HSI,27788.51953,27788.51953,27879.06055,27927.94922,27672.83008,1636511300
6191,20181002,HSI,27126.38086,27126.38086,27716.16016,27716.16016,27073.08008,2081279200
6192,20181003,HSI,27091.25977,27091.25977,26840.19922,27270.16016,26840.19922,1316749100
6193,20181004,HSI,26623.86914,26623.86914,27029.40039,27029.40039,26551.43945,1903259700
6194,20181005,HSI,26572.57031,26572.57031,26503.75,26639.64063,26373.46094,1684117300
6195,20181008,HSI,26202.57031,26202.57031,26717.59961,26717.59961,26187.83008,2296488600
6196,20181009,HSI,26172.91016,26172.91016,26194.16992,26366.59961,26067.50977,1744919700
6197,20181010,HSI,26193.07031,26193.07031,26281.2793,26499.83984,26193.07031,1719141400
6198,20181011,HSI,25266.36914,25266.36914,25392.90039,25437.84961,25125.2207,3090446400
6199,20181012,HSI,25801.49023,25801.49023,25401.41016,25835.75977,25286.85938,2099313400
6200,20181015,HSI,25445.06055,25445.06055,25683.58984,25683.58984,25399.53906,1614888500
6201,20181016,HSI,25462.25977,25462.25977,25586.16016,25712.13086,25266.53906,1467251700
6202,20181017,HSI,25462.25977,25462.25977,25586.16016,25712.13086,25266.53906,1467251700
6203,20181018,HSI,25454.55078,25454.55078,25674.66016,25674.66016,25261.7207,1764725000
6204,20181019,HSI,25561.40039,25561.40039,25172.0293,25743.44922,25090.30078,2037871700
6205,20181022,HSI,26153.15039,26153.15039,25668.33008,26234.85938,25668.33008,2222812200
6206,20181023,HSI,25346.55078,25346.55078,26015.49023,26015.49023,25315.75977,1772912000
6207,20181024,HSI,25249.7793,25249.7793,25401.16992,25653.35938,25194.28906,1962753500
6208,20181025,HSI,24994.46094,24994.46094,24766.7207,24994.46094,24653.78906,2288634200
6209,20181026,HSI,24717.63086,24717.63086,25031.49023,25062.19922,24589.03906,1688395600
6210,20181029,HSI,24812.03906,24812.03906,24955.78906,24955.78906,24594.74023,2000985900
6211,20181030,HSI,24585.5293,24585.5293,24765.11914,24939.17969,24540.63086,2100387500
6212,20181031,HSI,24979.68945,24979.68945,24752.83008,24979.68945,24700.10938,2363084500
6213,20181101,HSI,25416,25416,25228.75,25535.11914,25190.90039,2176972600
6214,20181102,HSI,26486.34961,26486.34961,25980.43945,26486.34961,25909.71094,3518978800
6215,20181105,HSI,25934.39063,25934.39063,26050.33984,26146.81055,25747.51953,1626675400
6216,20181107,HSI,26147.68945,26147.68945,26125.08984,26530.86914,25920.7207,1731287400
6217,20181108,HSI,26227.7207,26227.7207,26491.26953,26491.26953,26141.25,1654626400
6218,20181109,HSI,25601.91992,25601.91992,25925.08984,25925.08984,25475.32031,1839798600
6219,20181112,HSI,25633.17969,25633.17969,25576.2793,25765.96094,25505.33008,1171178800
6220,20181113,HSI,25792.86914,25792.86914,25092.30078,25792.86914,25092.30078,1689989400
6221,20181114,HSI,25654.42969,25654.42969,25874.35938,25874.35938,25489.85938,1431673200
6222,20181115,HSI,26103.33984,26103.33984,25862.17969,26127.14063,25611.7207,1534457400
6223,20181116,HSI,26183.5293,26183.5293,26041.56055,26197.31055,25850.03906,1330024100
6224,20181119,HSI,26372,26372,26278.86914,26397.39063,26146.39063,1320040400
6225,20181120,HSI,25840.33984,25840.33984,26043.50977,26132.28906,25776.2207,1205800000
6226,20181121,HSI,25971.4707,25971.4707,25496.84961,25998.2793,25494.50977,1397423500
6227,20181122,HSI,26019.41016,26019.41016,26139.39063,26139.39063,25873.38086,1010983600
6228,20181123,HSI,25927.67969,25927.67969,25950.07031,25983.25,25807.25977,877061500
6229,20181126,HSI,26376.17969,26376.17969,26099.34961,26413.75977,26031.90039,1611982200
6230,20181127,HSI,26331.96094,26331.96094,26345.36914,26417.83984,26158.9707,1394358800
6231,20181128,HSI,26682.56055,26682.56055,26406.67969,26705.30078,26332.66016,1415273800
6232,20181129,HSI,26451.0293,26451.0293,26904.21094,26923.33008,26399.81055,1469593600
6233,20181130,HSI,26506.75,26506.75,26506.08984,26683.25,26396.61914,2000815900
6234,20181203,HSI,27182.03906,27182.03906,27185.66016,27259.42969,27006.83008,2549703200
6235,20181204,HSI,27260.43945,27260.43945,27119.18945,27260.43945,26984.71094,1880483300
6236,20181205,HSI,26819.67969,26819.67969,26745.68945,26914.86914,26745.68945,1330919400
6237,20181206,HSI,26156.38086,26156.38086,26349.41992,26381.11914,26016.08984,2123180600
6238,20181207,HSI,26063.75977,26063.75977,26249.81055,26280.66016,26055.7793,2726993500
6239,20181210,HSI,25752.38086,25752.38086,25794.94922,25845.33984,25570.89063,1544284600
6240,20181211,HSI,25771.66992,25771.66992,25623.40039,25861.73047,25623.40039,1190934600
6241,20181212,HSI,26186.71094,26186.71094,26054.00977,26238.73047,26013.35938,1429660600
6242,20181213,HSI,26524.34961,26524.34961,26417.89063,26581.92969,26314.76953,1747235100
6243,20181214,HSI,26094.78906,26094.78906,26219,26219,26061.4707,1344364100
6244,20181217,HSI,26087.98047,26087.98047,26178.03906,26186.30078,26002.30078,1036879300
6245,20181218,HSI,25814.25,25814.25,25903.98047,26152.88086,25713.5,1449449300
6246,20181219,HSI,25865.39063,25865.39063,25860.67969,25925.99023,25784.08984,1430181500
6247,20181220,HSI,25623.5293,25623.5293,25723.5293,25859.82031,25416.88086,1717860300
6248,20181221,HSI,25753.41992,25753.41992,25512.30078,25805.60938,25313.75,1935298900
6249,20181224,HSI,25651.38086,25651.38086,25515.40039,25651.38086,25421.42969,1074120100
6250,20181226,HSI,25651.38086,25651.38086,25515.40039,25651.38086,25421.42969,1074120100
6251,20181227,HSI,25478.88086,25478.88086,25818.81055,25920.63086,25446.80078,1313061500
6252,20181228,HSI,25504.19922,25504.19922,25502.33984,25600.25,25416.35938,1224894400
6253,20181231,HSI,25845.69922,25845.69922,25732.51953,25916.23047,25682.66016,826507300
6254,20190102,HSI,25130.34961,25130.34961,25824.43945,25824.43945,25055.26953,1666316400
6255,20190103,HSI,25064.35938,25064.35938,25077.67969,25262.21094,24896.86914,1481291700
6256,20190104,HSI,25626.0293,25626.0293,24946.11914,25626.0293,24924.73047,1708572100
6257,20190107,HSI,25835.69922,25835.69922,26015.83984,26043.64063,25753.46094,1447090300
6258,20190108,HSI,25875.44922,25875.44922,25852.5,25960.89063,25688.5,1578205700
6259,20190109,HSI,26462.32031,26462.32031,26237.28906,26597.07031,26192.65039,2680892000
6260,20190110,HSI,26521.42969,26521.42969,26391.7793,26588.21094,26212.33984,1939043900
6261,20190111,HSI,26667.26953,26667.26953,26692.01953,26692.01953,26494.85938,1799353900
6262,20190114,HSI,26298.33008,26298.33008,26559.67969,26575.33008,26195.7793,1426017400
6263,20190115,HSI,26830.28906,26830.28906,26518.61914,26838.55078,26427.44922,1822902000
6264,20190116,HSI,26902.09961,26902.09961,26702.92969,26903.7793,26567.51953,1714886500
6265,20190117,HSI,26755.63086,26755.63086,26953.21094,27012.18945,26703.31055,1860541000
6266,20190118,HSI,27090.81055,27090.81055,26993.43945,27116.65039,26915.08008,1692701900
6267,20190121,HSI,27196.53906,27196.53906,27134.26953,27323.60938,27084.30078,1640014700
6268,20190122,HSI,27005.44922,27005.44922,27189.40039,27223.69922,26854.66016,1578449700
6269,20190123,HSI,27008.19922,27008.19922,26879.91016,27131.2207,26879.91016,1381999400
6270,20190124,HSI,27120.98047,27120.98047,27075.36914,27120.98047,26889.78906,1323732100
6271,20190125,HSI,27569.18945,27569.18945,27282.88086,27569.18945,27217.75,2264965800
6272,20190128,HSI,27576.96094,27576.96094,27695.81055,27790.2207,27462.36914,1705146300
6273,20190129,HSI,27531.67969,27531.67969,27397.53906,27575.36914,27328.16992,1821838000
6274,20190130,HSI,27642.84961,27642.84961,27571.41016,27642.84961,27369.75,1821894600
6275,20190131,HSI,27942.4707,27942.4707,27842.05078,28010.90039,27773.98047,2225282600
6276,20190201,HSI,27930.74023,27930.74023,28193.2793,28193.2793,27802.5,1669716900
6277,20190204,HSI,27990.21094,27990.21094,27985.41992,28005.15039,27847.42969,808061300
6278,20190207,HSI,27990.21094,27990.21094,27985.41992,28005.15039,27847.42969,808061300
6279,20190208,HSI,27946.32031,27946.32031,27708.13086,28008.82031,27534.19922,1527669600
6280,20190211,HSI,28143.83984,28143.83984,27927.44922,28143.83984,27847.84961,1384082500
6281,20190212,HSI,28171.33008,28171.33008,28093.31055,28219.58984,27983.48047,1492521500
6282,20190213,HSI,28497.58984,28497.58984,28184.86914,28533.35938,28160.46094,1930777700
6283,20190214,HSI,28432.05078,28432.05078,28396.40039,28476.65039,28275.17969,1433724900
6284,20190215,HSI,27900.83984,27900.83984,28241.43945,28256.68945,27845.86914,1781495400
6285,20190218,HSI,28347.00977,28347.00977,28186.75,28412.08008,28186.75,1549943500
6286,20190219,HSI,28228.13086,28228.13086,28440.49023,28488.9707,28208.86914,1653127000
6287,20190220,HSI,28514.05078,28514.05078,28404.67969,28599.76953,28357.30078,1928707100
6288,20190221,HSI,28629.91992,28629.91992,28450,28759.34961,28364.84961,1814520300
6289,20190222,HSI,28816.30078,28816.30078,28478.96094,28816.30078,28430.19922,1706490600
6290,20190225,HSI,28959.30078,28959.30078,28975.51953,29009.98047,28763.46094,3517972400
6291,20190226,HSI,28772.06055,28772.06055,28971.23047,28971.23047,28700.00977,2758187900
6292,20190227,HSI,28757.43945,28757.43945,28833.16016,29014.18945,28701.4707,2378404200
6293,20190228,HSI,28633.17969,28633.17969,28719.71094,28917.49023,28571.13086,2086693500
6294,20190301,HSI,28812.16992,28812.16992,28716.59961,28860.19922,28663.71094,1927040400
6295,20190304,HSI,28959.58984,28959.58984,28855.10938,29241.80078,28760.66992,2682948700
6296,20190305,HSI,28961.59961,28961.59961,28823.16016,29025.78906,28734.81055,1951621500
6297,20190306,HSI,29037.59961,29037.59961,29003.25,29122.81055,28938.39063,1794494900
6298,20190307,HSI,28779.44922,28779.44922,28965.41992,29007.07031,28772.44922,1691993300
6299,20190308,HSI,28228.41992,28228.41992,28409.14063,28533.75977,28201.08984,2998999600
6300,20190311,HSI,28503.30078,28503.30078,28265.84961,28512.26953,28240.7793,1525534800
6301,20190312,HSI,28920.86914,28920.86914,28760.26953,28941.08984,28734.08984,1918047200
6302,20190313,HSI,28807.44922,28807.44922,28924.2793,28924.2793,28690.36914,1183090900
6303,20190314,HSI,28851.39063,28851.39063,28891.06055,28932.4707,28696.31055,1390223200
6304,20190315,HSI,29012.25977,29012.25977,28843.85938,29204.73047,28828.25977,1974569100
6305,20190318,HSI,29409.00977,29409.00977,29112.43945,29409.00977,29034.13086,1887811300
6306,20190319,HSI,29466.2793,29466.2793,29419.14063,29486.15039,29319.50977,1747657200
6307,20190320,HSI,29320.9707,29320.9707,29357.18945,29435.81055,29251.25,1580528500
6308,20190321,HSI,29071.56055,29071.56055,29387.75,29446.76953,29051.84961,1750672700
6309,20190322,HSI,29113.35938,29113.35938,29173.33008,29243.09961,28847.33984,1740699100
6310,20190325,HSI,28523.34961,28523.34961,28501.36914,28702.24023,28463.10938,2091121900
6311,20190326,HSI,28566.91016,28566.91016,28677.75977,28701.59961,28435.06055,1406624800
6312,20190327,HSI,28728.25,28728.25,28564.71094,28781.63086,28551.65039,1475536600
6313,20190328,HSI,28775.21094,28775.21094,28663.19922,28816.58984,28558.80078,1582079600
6314,20190329,HSI,29051.35938,29051.35938,28812.64063,29100.68945,28761.88086,2695223000
6315,20190401,HSI,29562.01953,29562.01953,29383.7207,29612.36914,29383.7207,2475412300
6316,20190402,HSI,29624.66992,29624.66992,29736.99023,29736.99023,29534.41992,1858466500
6317,20190403,HSI,29986.39063,29986.39063,29785.26953,29999.33984,29715.76953,2019434600
6318,20190404,HSI,29936.32031,29936.32031,29950.41992,30050.91016,29765.55078,1854467500
6319,20190405,HSI,29936.32031,29936.32031,29950.41992,30050.91016,29765.55078,1854467500
6320,20190408,HSI,30077.15039,30077.15039,30119.58008,30185.06055,29913.61914,2321011600
6321,20190409,HSI,30157.49023,30157.49023,30065.99023,30222.01953,30018.98047,2049354000
6322,20190410,HSI,30119.56055,30119.56055,30052.26953,30139.60938,29892.61914,1814064400
6323,20190411,HSI,29839.44922,29839.44922,30138.14063,30184.60938,29783.66992,1897154200
6324,20190412,HSI,29909.75977,29909.75977,29806.34961,29909.75977,29694.84961,1560692000
6325,20190415,HSI,29810.7207,29810.7207,30119.84961,30280.11914,29810.7207,2010638200
6326,20190416,HSI,30129.86914,30129.86914,29754.30078,30142.85938,29665.10938,2546181500
6327,20190417,HSI,30124.67969,30124.67969,30160.68945,30178.58008,30004.9707,2035147300
6328,20190418,HSI,29963.25977,29963.25977,30088.65039,30101.83008,29896.85938,1569930600
6329,20190422,HSI,29963.25977,29963.25977,30088.65039,30101.83008,29896.85938,1569930600
6330,20190423,HSI,29963.24023,29963.24023,29782.94922,30055.93945,29755.86914,2006226400
6331,20190424,HSI,29805.83008,29805.83008,30112.18945,30112.18945,29682.86914,1748986700
6332,20190425,HSI,29549.80078,29549.80078,29667.51953,29849.69922,29535.19922,1644483200
6333,20190426,HSI,29605.00977,29605.00977,29513.08008,29672.78906,29504.14063,1411001700
6334,20190429,HSI,29892.81055,29892.81055,29730.84961,29917.10938,29639.38086,1250717200
6335,20190430,HSI,29699.10938,29699.10938,29828.15039,29855.75977,29620.44922,1359023200
6336,20190502,HSI,29944.17969,29944.17969,29643.05078,29967.74023,29643.05078,1298906600
6337,20190503,HSI,30081.55078,30081.55078,29818.48047,30081.55078,29678.85938,1217388500
6338,20190506,HSI,29209.82031,29209.82031,29342.38086,29384.00977,28956.4707,2934065800
6339,20190507,HSI,29363.01953,29363.01953,29313.58008,29480.03906,29156.44922,1997665400
6340,20190508,HSI,29003.19922,29003.19922,28987.08984,29252,28945.91016,2182802000
6341,20190509,HSI,28311.07031,28311.07031,28839.34961,28891.10938,28281.98047,2907223700
6342,20190510,HSI,28550.24023,28550.24023,28462.33984,28833.44922,28203.2207,2421480000
6343,20190513,HSI,28550.24023,28550.24023,28462.33984,28833.44922,28203.2207,2421480000
6344,20190514,HSI,28122.01953,28122.01953,27951.11914,28205.96094,27925.61914,2875261200
6345,20190515,HSI,28268.71094,28268.71094,28171.32031,28441.49023,28171.32031,2244890100
6346,20190516,HSI,28275.07031,28275.07031,28117.48047,28379.36914,28050.7793,2372367500
6347,20190517,HSI,27946.46094,27946.46094,28428,28428,27909.73047,1922181900
6348,20190521,HSI,27657.24023,27657.24023,27671.40039,27915.16016,27598.06055,2229189200
6349,20190522,HSI,27705.93945,27705.93945,27753.53906,27828.81055,27640.61914,1705803400
6350,20190523,HSI,27267.13086,27267.13086,27505.5293,27523.85938,27169.66992,2219416000
6351,20190524,HSI,27353.92969,27353.92969,27368.67969,27457.58984,27291.93945,1677043500
6352,20190527,HSI,27288.08984,27288.08984,27239.08008,27371.34961,27105.2207,1264256500
6353,20190528,HSI,27390.81055,27390.81055,27274.83008,27490.55078,27230.08984,3043711500
6354,20190529,HSI,27235.71094,27235.71094,27226.94922,27429.36914,27178.71094,2236869000
6355,20190530,HSI,27114.88086,27114.88086,27319.25,27319.25,27020.73047,1884022200
6356,20190531,HSI,26901.08984,26901.08984,27002.96094,27155.35938,26850.26953,1829465900
6357,20190603,HSI,26893.85938,26893.85938,26909.71094,26968.09961,26735.48047,1716241600
6358,20190604,HSI,26761.51953,26761.51953,26994.08008,26994.08008,26671.90039,1527666000
6359,20190606,HSI,26965.2793,26965.2793,26935.86914,26984.01953,26837.66992,1601926500
6360,20190607,HSI,26965.2793,26965.2793,26935.86914,26984.01953,26837.66992,1601926500
6361,20190610,HSI,27578.64063,27578.64063,27206.60938,27606.41992,27155.0293,2272329600
6362,20190611,HSI,27789.33984,27789.33984,27677.06055,27857.84961,27577.91016,1824700000
6363,20190612,HSI,27308.46094,27308.46094,27603.11914,27603.11914,27222.0293,1866884200
6364,20190613,HSI,27294.71094,27294.71094,27217.7207,27294.71094,26825.34961,1846303100
6365,20190614,HSI,27118.34961,27118.34961,27180.74023,27275.88086,27051.75,2031083500
6366,20190617,HSI,27227.16016,27227.16016,27252.44922,27503.09961,27227.16016,1487266700
6367,20190618,HSI,27498.76953,27498.76953,27289.69922,27584.11914,27201.01953,1550614700
6368,20190619,HSI,28202.14063,28202.14063,28224.86914,28224.86914,28022.49023,2076060300
6369,20190620,HSI,28550.42969,28550.42969,28308.84961,28563.08008,28258.01953,1820185000
6370,20190621,HSI,28473.71094,28473.71094,28581.50977,28581.50977,28359.25,2171897300
6371,20190624,HSI,28513,28513,28400.63086,28634.48047,28358.06055,1338833200
6372,20190625,HSI,28185.98047,28185.98047,28447.96094,28470.09961,28066.13086,1851984100
6373,20190626,HSI,28221.98047,28221.98047,28046.16016,28267.98047,27985.98047,1431402200
6374,20190627,HSI,28621.41992,28621.41992,28352.93945,28621.41992,28287.33984,1679897500
6375,20190628,HSI,28542.61914,28542.61914,28632.58984,28632.58984,28416.96094,1486688000
6376,20190701,HSI,28542.61914,28542.61914,28632.58984,28632.58984,28416.96094,1486688000
6377,20190702,HSI,28875.56055,28875.56055,28904.03906,28959.06055,28768.53906,2110432700
6378,20190703,HSI,28855.14063,28855.14063,28781.9707,28891.89063,28721.21094,1291301500
6379,20190704,HSI,28795.76953,28795.76953,28891.9707,29007.98047,28776.48047,928449700
6380,20190705,HSI,28774.83008,28774.83008,28785.5293,28880.58008,28714.91992,846919500
6381,20190708,HSI,28331.68945,28331.68945,28513.14063,28541.09961,28194.07031,1250874300
6382,20190709,HSI,28116.2793,28116.2793,28299.73047,28312.9707,28080.73047,1218475000
6383,20190710,HSI,28204.68945,28204.68945,28245.08984,28311.7793,28144.86914,1013012100
6384,20190711,HSI,28431.80078,28431.80078,28347.85938,28582.68945,28347.85938,1067070900
6385,20190712,HSI,28471.61914,28471.61914,28401.86914,28603.86914,28399.66016,1204492700
6386,20190715,HSI,28554.88086,28554.88086,28303.35938,28567.25,28071.18945,1317116400
6387,20190716,HSI,28619.61914,28619.61914,28583.92969,28634.65039,28489.41016,1024681900
6388,20190717,HSI,28593.16992,28593.16992,28463.76953,28593.16992,28377.33984,950441100
6389,20190718,HSI,28461.66016,28461.66016,28393.03906,28511.65039,28376.5,925037300
6390,20190719,HSI,28765.40039,28765.40039,28585.15039,28809.58984,28551.19922,1261012300
6391,20190722,HSI,28371.25977,28371.25977,28612.2793,28649.43945,28303.55078,1104886500
6392,20190723,HSI,28466.48047,28466.48047,28392.03906,28489.28906,28313.78906,950029300
6393,20190724,HSI,28524.03906,28524.03906,28578.14063,28764.5,28515.91992,1075821900
6394,20190725,HSI,28594.30078,28594.30078,28575.49023,28628.50977,28517.00977,974264600
6395,20190726,HSI,28397.74023,28397.74023,28406.07031,28487.64063,28338.30078,1320699900
6396,20190729,HSI,28106.41016,28106.41016,28262.80078,28302.66016,27945.41016,1563572300
6397,20190730,HSI,28146.5,28146.5,28059.82031,28274.65039,28059.82031,1147561000
6398,20190731,HSI,27777.75,27777.75,27931.2793,27939.7207,27701.43945,1287084400
6399,20190801,HSI,27565.69922,27565.69922,27582.21094,27754.03906,27495.89063,1736444000
6400,20190802,HSI,26918.58008,26918.58008,26950.5293,27043.46094,26868.96094,2317609200
6401,20190805,HSI,26151.32031,26151.32031,26480.4707,26502.60938,26086.85938,2120745300
6402,20190806,HSI,25976.24023,25976.24023,25472.42969,26042.23047,25397.34961,2751867000
6403,20190807,HSI,25997.0293,25997.0293,25977.7207,26025.43945,25738.80078,1671335000
6404,20190808,HSI,26120.76953,26120.76953,25999.44922,26317.41992,25999.44922,1658129900
6405,20190813,HSI,25281.30078,25281.30078,25536.61914,25616.71094,25270.91016,1979089800
6406,20190814,HSI,25302.2793,25302.2793,25711.09961,25717.98047,25197.38086,1915522900
6407,20190815,HSI,25495.46094,25495.46094,24945.74023,25552.13086,24899.92969,2145864600
6408,20190816,HSI,25734.2207,25734.2207,25484.96094,25798.10938,25314.26953,2022477500
6409,20190819,HSI,26291.83984,26291.83984,25994.80078,26356.2207,25994.80078,2144882700
6410,20190820,HSI,26231.53906,26231.53906,26256.53906,26347.23047,26149.40039,1822936100
6411,20190821,HSI,26270.03906,26270.03906,26160.53906,26318.13086,26075.91016,1701479200
6412,20190822,HSI,26048.7207,26048.7207,26272.91016,26288.24023,25977.66992,1780728400
6413,20190823,HSI,26179.33008,26179.33008,26057.88086,26241.2207,25940.43945,1621440900
6414,20190826,HSI,25680.33008,25680.33008,25322,25692.2793,25249.50977,2475604900
6415,20190827,HSI,25664.07031,25664.07031,25715.98047,25764.60938,25581.73047,2214167200
6416,20190828,HSI,25615.48047,25615.48047,25767.08008,25830.64063,25596.08008,1462114400
6417,20190829,HSI,25703.5,25703.5,25606.33008,25714.7793,25372.49023,1784869100
6418,20190830,HSI,25724.73047,25724.73047,26011.64063,26011.64063,25536.15039,2017892000
6419,20190902,HSI,25626.55078,25626.55078,25627.83008,25662.31055,25502.69922,1295066700
6420,20190903,HSI,25527.84961,25527.84961,25546.32031,25736.05078,25498.10938,1149210200
6421,20190904,HSI,26523.23047,26523.23047,25675.16016,26654.21094,25675.16016,2688524600
6422,20190905,HSI,26515.5293,26515.5293,26512.85938,26697.84961,26283.11914,1996619100
6423,20190906,HSI,26690.75977,26690.75977,26773.13086,26790.78906,26563.16992,1895344700
6424,20190909,HSI,26681.40039,26681.40039,26743.35938,26807.85938,26609.65039,1700948300
6425,20190910,HSI,26683.67969,26683.67969,26831.98047,26870.76953,26634.4707,1738020300
6426,20190911,HSI,27159.06055,27159.06055,26790.64063,27159.50977,26705.63086,2072246200
6427,20190912,HSI,27087.63086,27087.63086,27283.98047,27283.98047,26967.25,1337046900
6428,20190913,HSI,27352.68945,27352.68945,27154.50977,27366.44922,27074.53906,1176496300
6429,20190916,HSI,27124.55078,27124.55078,27212.89063,27212.89063,26976.30078,2189101500
6430,20190917,HSI,26790.24023,26790.24023,26942.96094,26951.83984,26694.36914,1850715100
6431,20190918,HSI,26754.11914,26754.11914,26838.42969,26891.16016,26730.63086,1372644100
6432,20190919,HSI,26468.94922,26468.94922,26820.73047,26820.73047,26372.08984,1330417000
6433,20190920,HSI,26435.66992,26435.66992,26532.88086,26564.35938,26410.41016,1972985800
6434,20190923,HSI,26222.40039,26222.40039,26463.61914,26483.0293,26186.00977,1285452900
6435,20190924,HSI,26281,26281,26300.21094,26391.98047,26207.26953,2089366000
6436,20190925,HSI,25945.34961,25945.34961,26162.71094,26190.56055,25917.67969,1762622300
6437,20190926,HSI,26041.92969,26041.92969,26075.15039,26099.64063,25917.58008,1700238600
6438,20190927,HSI,25954.81055,25954.81055,25977.98047,26017.46094,25840.66016,984279500
6439,20190930,HSI,26092.26953,26092.26953,25844.71094,26161.69922,25786.28906,1343934800
6440,20191001,HSI,26092.26953,26092.26953,25844.71094,26161.69922,25786.28906,1343934800
6441,20191002,HSI,26042.68945,26042.68945,25901.4707,26092.61914,25778.2207,1202153800
6442,20191003,HSI,26110.31055,26110.31055,25831.43945,26192.86914,25809.4707,1142351000
6443,20191004,HSI,25821.0293,25821.0293,26169.50977,26169.50977,25612.49023,1137243700
6444,20191007,HSI,25821.0293,25821.0293,26169.50977,26169.50977,25612.49023,1137243700
6445,20191008,HSI,25893.40039,25893.40039,25848.73047,26180.0293,25761.5,1779110400
6446,20191009,HSI,25682.81055,25682.81055,25736.88086,25866.83984,25656.66016,1588334500
6447,20191010,HSI,25707.92969,25707.92969,25625.57031,25809.58008,25521.94922,1434231600
6448,20191011,HSI,26308.43945,26308.43945,25986.82031,26393.00977,25976.07031,2030977900
6449,20191014,HSI,26521.84961,26521.84961,26520.92969,26636.92969,26386.41016,2096251800
6450,20191015,HSI,26503.92969,26503.92969,26609.13086,26609.13086,26433.42969,1569211500
6451,20191016,HSI,26664.2793,26664.2793,26553.90039,26698.56055,26432.42969,1689389100
6452,20191017,HSI,26848.49023,26848.49023,26809.03906,26956.82031,26729.50977,1403839300
6453,20191018,HSI,26719.58008,26719.58008,26910.55078,26985.08008,26650.13086,1541856100
6454,20191021,HSI,26725.67969,26725.67969,26715.2207,26818.43945,26658.32031,1045151500
6455,20191022,HSI,26786.19922,26786.19922,26813.81055,26844.28906,26698.30078,1496851400
6456,20191023,HSI,26566.73047,26566.73047,26771.98047,26818.99023,26491.71094,1270778600
6457,20191024,HSI,26797.94922,26797.94922,26651.0293,26810.42969,26592.17969,1496729000
6458,20191025,HSI,26667.39063,26667.39063,26795.64063,26795.64063,26621.17969,1151226200
6459,20191029,HSI,26786.75977,26786.75977,27027.56055,27027.56055,26729.06055,1515348700
6460,20191030,HSI,26667.71094,26667.71094,26766.98047,26809.5293,26602.94922,1554112000
6461,20191031,HSI,26906.7207,26906.7207,26708.44922,27009.5,26708.44922,1907594000
6462,20191101,HSI,27100.75977,27100.75977,26806.43945,27102.41992,26800.57031,1421451500
6463,20191104,HSI,27547.30078,27547.30078,27299.88086,27547.30078,27299.46094,1777502800
6464,20191105,HSI,27683.40039,27683.40039,27601.09961,27733.07031,27463.33008,1748633300
6465,20191106,HSI,27688.64063,27688.64063,27636.33008,27750.91016,27547.76953,1316670900
6466,20191107,HSI,27847.23047,27847.23047,27690.59961,27900.80078,27534.91016,1353594600
6467,20191108,HSI,27651.14063,27651.14063,27894.56055,27894.56055,27582.28906,1491797400
6468,20191111,HSI,26926.55078,26926.55078,27361.41016,27361.41016,26830.4707,1921659900
6469,20191112,HSI,27065.2793,27065.2793,27064.25977,27076.66992,26794.60938,1149626200
6470,20191113,HSI,26571.46094,26571.46094,26761.16016,26761.16016,26465.33008,1855002900
6471,20191114,HSI,26323.68945,26323.68945,26444.23047,26605.96094,26203.9707,1554697800
6472,20191115,HSI,26326.66016,26326.66016,26529.94922,26544.65039,26300.08008,1180282700
6473,20191118,HSI,26681.08984,26681.08984,26442.39063,26702.16016,26406.34961,1425323100
6474,20191119,HSI,27093.80078,27093.80078,26671.32031,27093.80078,26605.63086,1542578800
6475,20191120,HSI,26889.60938,26889.60938,26936.78906,26962.16992,26804.34961,1333243700
6476,20191121,HSI,26466.88086,26466.88086,26587.58984,26587.58984,26306.01953,1712162300
6477,20191122,HSI,26595.08008,26595.08008,26584.88086,26690.16992,26487.66992,1100431900
6478,20191125,HSI,26993.03906,26993.03906,26873.34961,27114.2207,26852.89063,1497175900
6479,20191126,HSI,26913.91992,26913.91992,27183.90039,27227.86914,26913.91992,2416392100
6480,20191127,HSI,26954,26954,26943.51953,26974.2793,26866.80078,1133748200
6481,20191128,HSI,26893.73047,26893.73047,26763.63086,26991.80078,26763.63086,998841900
6482,20191129,HSI,26346.49023,26346.49023,26705.38086,26705.38086,26308.09961,2004856800
6483,20191202,HSI,26444.7207,26444.7207,26475.33984,26511.55078,26393.08984,1348911800
6484,20191203,HSI,26391.30078,26391.30078,26315.9707,26424.11914,26063.01953,1795451800
6485,20191204,HSI,26062.56055,26062.56055,26071.39063,26191.78906,25995.15039,1502327900
6486,20191205,HSI,26217.03906,26217.03906,26300.50977,26300.50977,26134.06055,1228026600
6487,20191206,HSI,26498.36914,26498.36914,26345.19922,26520.08008,26309.33984,1644211100
6488,20191209,HSI,26494.73047,26494.73047,26513.9707,26618.25,26432.26953,1301819900
6489,20191210,HSI,26436.61914,26436.61914,26378.99023,26527.08984,26355.5293,956293300
6490,20191211,HSI,26645.42969,26645.42969,26410.08984,26659.98047,26364.42969,1409589200
6491,20191212,HSI,26994.14063,26994.14063,26837.93945,27048.98047,26837.93945,1451721900
6492,20191213,HSI,27687.75977,27687.75977,27494.50977,27687.75977,27405.25977,2212195500
6493,20191216,HSI,27508.08984,27508.08984,27530.5,27715.92969,27473.32031,1421412600
6494,20191217,HSI,27843.71094,27843.71094,27630.68945,27894.7207,27563.43945,1926224500
6495,20191218,HSI,27884.21094,27884.21094,27884.21094,27884.21094,27884.21094,0
6496,20191219,HSI,27800.49023,27800.49023,27908.7793,27908.7793,27675.24023,1296810200
6497,20191220,HSI,27871.34961,27871.34961,27834.55078,27959.51953,27740.66016,1680024400
6498,20191223,HSI,27906.41016,27906.41016,28024.61914,28024.61914,27830.08008,1216834000
6499,20191224,HSI,27864.21094,27864.21094,27901.50977,27921.28906,27792.66016,483984100
6500,20191226,HSI,27864.21094,27864.21094,27901.50977,27921.28906,27792.66016,483984100
6501,20191227,HSI,28225.41992,28225.41992,28033.66016,28226.10938,28000.61914,1375016100
6502,20191230,HSI,28319.39063,28319.39063,28250.48047,28418.65039,28165.13086,1420447400
6503,20191231,HSI,28189.75,28189.75,28241.42969,28298.46094,28123.85938,873713900
6504,20200102,HSI,28543.51953,28543.51953,28249.36914,28543.51953,28245.9707,1262732800
6505,20200103,HSI,28451.5,28451.5,28828.35938,28883.30078,28428.16992,1797904800
6506,20200106,HSI,28226.18945,28226.18945,28326.5,28367.86914,28054.28906,1793426600
6507,20200107,HSI,28322.06055,28322.06055,28352.67969,28473.08008,28264.07031,1302687200
6508,20200108,HSI,28087.91992,28087.91992,27999.58008,28198.60938,27857.73047,1709241600
6509,20200109,HSI,28561,28561,28367.65039,28561,28325.85938,1692786200
6510,20200110,HSI,28638.19922,28638.19922,28665.14063,28665.14063,28504.26953,1448401000
6511,20200113,HSI,28954.93945,28954.93945,28772.36914,28971.40039,28671.83984,1765055700
6512,20200114,HSI,28885.14063,28885.14063,29149.5293,29149.5293,28790.49023,1643504700
6513,20200115,HSI,28773.58984,28773.58984,28891.07031,28972.67969,28619.09961,1240120700
6514,20200116,HSI,28883.03906,28883.03906,28806.11914,28987.73047,28709.57031,1620926200
6515,20200117,HSI,29056.41992,29056.41992,28988.16016,29101.15039,28813.13086,1545082800
6516,20200120,HSI,28795.91016,28795.91016,29169.11914,29174.91992,28795.41992,1633383900
6517,20200121,HSI,27985.33008,27985.33008,28449.38086,28492.0293,27980.5,2236521700
6518,20200122,HSI,28341.03906,28341.03906,28116.5,28393.92969,27937.67969,1343288100
6519,20200123,HSI,27909.11914,27909.11914,28109.75,28133.0293,27706.36914,1753263000
6520,20200124,HSI,27949.64063,27949.64063,27935.41992,27977.63086,27774.5,612128700
6521,20200128,HSI,27949.64063,27949.64063,27935.41992,27977.63086,27774.5,612128700
6522,20200129,HSI,27160.63086,27160.63086,27101.53906,27333.30078,27101.53906,2203836100
6523,20200130,HSI,26449.13086,26449.13086,27030.60938,27134.55078,26330.05078,2223567800
6524,20200131,HSI,26312.63086,26312.63086,26757.60938,26818.83984,26295.49023,1874255200
6525,20200203,HSI,26356.98047,26356.98047,26189.60938,26512.58008,26145.58984,2421482700
6526,20200204,HSI,26675.98047,26675.98047,26491.66016,26730.25977,26491.66016,2500238100
6527,20200205,HSI,26786.74023,26786.74023,26869.32031,26926.11914,26641.91992,2498930800
6528,20200206,HSI,27493.69922,27493.69922,27174.5293,27608.2207,27029.49023,2249533900
6529,20200207,HSI,27404.26953,27404.26953,27356.2793,27410.58008,27224.11914,1464514700
6530,20200210,HSI,27241.33984,27241.33984,27092.15039,27314.64063,27044.88086,1612017900
6531,20200211,HSI,27583.88086,27583.88086,27514.25,27674.81055,27436.99023,1868625400
6532,20200212,HSI,27823.66016,27823.66016,27717.2207,27892.48047,27614.83008,1796561200
6533,20200213,HSI,27730,27730,27953.65039,27953.65039,27695.59961,1617010200
6534,20200214,HSI,27815.59961,27815.59961,27698.56055,27960.66016,27695.58984,1445335900
6535,20200217,HSI,27959.59961,27959.59961,27766.71094,28055.58008,27766.71094,1412999200
6536,20200218,HSI,27530.19922,27530.19922,27766.5,27771.30078,27496.25,1592221400
6537,20200219,HSI,27655.81055,27655.81055,27486.46094,27697.46094,27448.59961,1471538100
6538,20200220,HSI,27609.16016,27609.16016,27767.2793,27767.2793,27383.13086,1582073100
6539,20200221,HSI,27308.81055,27308.81055,27450.46094,27484.5293,27264.7793,1773613400
6540,20200224,HSI,26820.88086,26820.88086,27105.34961,27105.34961,26813.2207,2044657000
6541,20200225,HSI,26893.23047,26893.23047,26722.39063,26914.05078,26667.03906,1924042900
6542,20200226,HSI,26696.49023,26696.49023,26479.90039,26776.06055,26479.90039,2040000000
6543,20200227,HSI,26778.61914,26778.61914,26529.16992,26849.57031,26419.9707,2110369700
6544,20200228,HSI,26129.92969,26129.92969,26249.06055,26313.55078,25989.41016,3191426200
6545,20200302,HSI,26291.67969,26291.67969,26077.73047,26375.91016,26077.73047,2201535600
6546,20200303,HSI,26284.82031,26284.82031,26419.13086,26527.75,26233.39063,2136295000
6547,20200304,HSI,26222.07031,26222.07031,26321.56055,26372.48047,26038.39063,1957062400
6548,20200305,HSI,26767.86914,26767.86914,26348.16016,26805.58008,26315.35938,2522843200
6549,20200306,HSI,26146.66992,26146.66992,26397.7793,26408.80078,26084.23047,2646519300
6550,20200309,HSI,25040.46094,25040.46094,25134.01953,25321.2793,24948.38086,4677892400
6551,20200310,HSI,25392.50977,25392.50977,25285.67969,25578.60938,24978.9707,3225661100
6552,20200312,HSI,24309.07031,24309.07031,24657.66992,24657.66992,24117.93945,3748928400
6553,20200316,HSI,23063.57031,23063.57031,23317.81055,23631.5293,22842.25,4067029300
6554,20200317,HSI,23263.73047,23263.73047,23001.75977,23401.19922,22676.46094,3637973700
6555,20200318,HSI,22291.82031,22291.82031,23023.33984,23425.0293,22167.41992,4217153600
6556,20200319,HSI,21709.13086,21709.13086,22221.38086,22380.33984,21139.25977,5628397600
6557,20200320,HSI,22805.07031,22805.07031,22147.33984,22805.07031,22147.33984,4528187900
6558,20200323,HSI,21696.13086,21696.13086,21696.13086,21696.13086,21696.13086,0
6559,20200324,HSI,22663.49023,22663.49023,22497.57031,22753.00977,22383.25,3614066700
6560,20200325,HSI,23527.18945,23527.18945,23255.91016,23569.44922,23062.23047,3605374900
6561,20200326,HSI,23352.33984,23352.33984,23604.83008,23604.83008,23163.66992,2519508100
6562,20200327,HSI,23484.2793,23484.2793,23768.41016,23791.19922,23354.00977,2199674300
6563,20200330,HSI,23175.10938,23175.10938,23020.84961,23491.50977,22973.33008,2553435900
6564,20200331,HSI,23603.48047,23603.48047,23613.26953,23627.5293,23238.03906,2876326600
6565,20200401,HSI,23085.78906,23085.78906,23365.90039,23540.00977,22947.64063,2879977600
6566,20200402,HSI,23280.06055,23280.06055,22838.66992,23280.06055,22756.13086,2560937400
6567,20200403,HSI,23236.10938,23236.10938,23072.94922,23236.10938,23030.58008,1870630600
6568,20200406,HSI,23749.11914,23749.11914,23558.83008,23832.92969,23271.4707,1834036600
6569,20200407,HSI,24253.28906,24253.28906,24093.05078,24262.00977,23796.0293,2535034600
6570,20200408,HSI,23970.36914,23970.36914,24191.32031,24191.32031,23897.40039,1840854100
6571,20200409,HSI,24300.33008,24300.33008,24181.32031,24308.68945,24045.17969,1725334600
6572,20200413,HSI,24300.33008,24300.33008,24181.32031,24308.68945,24045.17969,1725334600
6573,20200414,HSI,24435.40039,24435.40039,24347.60938,24546.39063,24283.13086,2050447800
6574,20200415,HSI,24145.33984,24145.33984,24499.85938,24603.59961,24090.5,1906625200
6575,20200416,HSI,24006.44922,24006.44922,24025.44922,24102.91016,23854.78906,1865473400
6576,20200417,HSI,24380,24380,24457.83008,24666.64063,24308.7793,1937579000
6577,20200420,HSI,24330.01953,24330.01953,24503.56055,24503.56055,24225.55078,1375091600
6578,20200421,HSI,23793.55078,23793.55078,24247.83984,24247.83984,23676.13086,2160661700
6579,20200422,HSI,23893.35938,23893.35938,23540.53906,23939.28906,23483.31055,1668362400
6580,20200423,HSI,23977.32031,23977.32031,23983.65039,24107.88086,23806.30078,1814344800
6581,20200424,HSI,23831.33008,23831.33008,23844.55078,23957.16992,23730.49023,1301664900
6582,20200427,HSI,24280.14063,24280.14063,24030.66016,24318.81055,24030.53906,1592713000
6583,20200428,HSI,24575.96094,24575.96094,24401.11914,24582.66016,24176.88086,1687557300
6584,20200429,HSI,24643.58984,24643.58984,24786.01953,24855.4707,24549.61914,1648009000
6585,20200430,HSI,24643.58984,24643.58984,24786.01953,24855.4707,24549.61914,1648009000
6586,20200504,HSI,23613.80078,23613.80078,23895.10938,23897.5293,23584.94922,2556774000
6587,20200505,HSI,23868.66016,23868.66016,23755.76953,23928.44922,23697.88086,1332967300
6588,20200506,HSI,24137.48047,24137.48047,23868.01953,24235.0293,23868.01953,1890000000
6589,20200508,HSI,24230.16992,24230.16992,24193.35938,24263.73047,24097.11914,1274113200
6590,20200511,HSI,24602.06055,24602.06055,24470.17969,24766.83008,24470.17969,1458200000
6591,20200512,HSI,24245.67969,24245.67969,24358,24411.03906,24136.19922,1479628600
6592,20200513,HSI,24180.30078,24180.30078,24111.66992,24320.19922,23979.36914,1359038500
6593,20200514,HSI,23829.74023,23829.74023,24038.07031,24081.18945,23790.26953,1697720800
6594,20200515,HSI,23797.4707,23797.4707,23834.67969,23985.11914,23671.60938,1509478600
6595,20200518,HSI,23934.76953,23934.76953,23736.66992,23952.05078,23722.16992,1645114700
6596,20200519,HSI,24388.13086,24388.13086,24489.55078,24552.55078,24314.44922,2022987500
6597,20200520,HSI,24399.94922,24399.94922,24462.90039,24514.86914,24315.75,1432021300
6598,20200521,HSI,24280.0293,24280.0293,24528.91016,24528.91016,24208.16016,1474345000
6599,20200522,HSI,22930.14063,22930.14063,23756.91016,23756.91016,22878.25977,3680989100
6600,20200526,HSI,23384.66016,23384.66016,23198.33984,23481.48047,23165.49023,1421148200
6601,20200527,HSI,23301.35938,23301.35938,23515.14063,23515.14063,23134.60938,1837146100
6602,20200528,HSI,23132.75977,23132.75977,23206.75,23451.7793,22779.61914,2356792600
6603,20200529,HSI,22961.4707,22961.4707,22781.10938,23089.76953,22781.10938,3621412000
6604,20200601,HSI,23732.51953,23732.51953,23539.91016,23806.32031,23539.91016,2569148800
6605,20200602,HSI,23995.93945,23995.93945,23792.24023,23995.93945,23766.15039,1813293900
6606,20200603,HSI,24325.61914,24325.61914,24303.56055,24364.00977,24219.96094,2455118300
6607,20200604,HSI,24366.30078,24366.30078,24643.83984,24643.83984,24204.09961,1888873500
6608,20200605,HSI,24770.41016,24770.41016,24388.17969,24810.2207,24253.56055,2397618300
6609,20200608,HSI,24776.76953,24776.76953,25018.05078,25018.7793,24678.55078,2123439500
6610,20200609,HSI,25057.2207,25057.2207,24906.00977,25253.66992,24837.73047,2203396500
6611,20200610,HSI,25049.73047,25049.73047,25179.0293,25303.7793,24968.30078,1971349200
6612,20200611,HSI,24480.15039,24480.15039,24997.83984,25059.32031,24480.15039,1838958200
6613,20200612,HSI,24301.38086,24301.38086,23920.69922,24317.7207,23895.0293,1824519600
6614,20200615,HSI,23776.94922,23776.94922,23991.38086,24242.9707,23684.96094,2104538300
6615,20200616,HSI,24344.08984,24344.08984,24318.15039,24534.76953,24302.25,1611589900
6616,20200617,HSI,24481.41016,24481.41016,24363.39063,24532.00977,24195.82031,1278279300
6617,20200618,HSI,24464.93945,24464.93945,24386.31055,24464.93945,24121.89063,1811327100
6618,20200619,HSI,24643.89063,24643.89063,24373.35938,24776.53906,24334.35938,2390285700
6619,20200622,HSI,24511.33984,24511.33984,24528.5293,24628.94922,24391.16992,1612294200
6620,20200623,HSI,24907.33984,24907.33984,24541.43945,24907.33984,24184.88086,1549053700
6621,20200624,HSI,24781.58008,24781.58008,25034.86914,25071.32031,24770.94922,1431913700
6622,20200625,HSI,24781.58008,24781.58008,25034.86914,25071.32031,24770.94922,1431913700
6623,20200626,HSI,24549.99023,24549.99023,24697.98047,24756.58008,24537.76953,1509260100
6624,20200629,HSI,24301.2793,24301.2793,24627.64063,24627.64063,24148.61914,1835855400
6625,20200630,HSI,24427.18945,24427.18945,24468.24023,24598.60938,24271.76953,1892323300
6626,20200701,HSI,24427.18945,24427.18945,24468.24023,24598.60938,24271.76953,1892323300
6627,20200702,HSI,25124.18945,25124.18945,24563.57031,25124.18945,24563.57031,2746546400
6628,20200703,HSI,25373.11914,25373.11914,25319.2793,25453.58008,25182.59961,2320568900
6629,20200706,HSI,26339.16016,26339.16016,25545.53906,26453.60938,25543.15039,4883381900
6630,20200707,HSI,25975.66016,25975.66016,26571.08008,26782.61914,25911.74023,3913840700
6631,20200708,HSI,26129.17969,26129.17969,26078.60938,26299.83984,25849.7793,2582679500
6632,20200709,HSI,26210.16016,26210.16016,26351.13086,26374.93945,26016.75,2452681700
6633,20200713,HSI,25772.11914,25772.11914,25848.80078,26103.83984,25715.24023,2127288800
6634,20200714,HSI,25477.89063,25477.89063,25663.16016,25663.16016,25254.32031,2180279200
6635,20200715,HSI,25481.58008,25481.58008,25888.7793,25888.7793,25299.35938,1849317300
6636,20200716,HSI,24970.68945,24970.68945,25549.40039,25576.49023,24919.94922,1935051700
6637,20200717,HSI,25089.16992,25089.16992,25142.06055,25263.9707,25015.2793,1362500400
6638,20200720,HSI,25057.99023,25057.99023,25019.59961,25222.10938,24766.16992,1650620500
6639,20200721,HSI,25635.66016,25635.66016,25427.06055,25635.66016,25378.38086,1752171900
6640,20200722,HSI,25057.93945,25057.93945,25575.25,25779.66016,25057.93945,2390051200
6641,20200723,HSI,25263,25263,25235.90039,25346.35938,24992.36914,1910000000
6642,20200724,HSI,24705.33008,24705.33008,25040.75977,25101.09961,24598.46094,3029706400
6643,20200727,HSI,24603.25977,24603.25977,24909.96094,24972.46094,24526.91016,1491211000
6644,20200728,HSI,24772.75977,24772.75977,24942.74023,24942.74023,24642.34961,1358418200
6645,20200729,HSI,24883.14063,24883.14063,24710.50977,24905.43945,24671.50977,1080335100
6646,20200730,HSI,24710.58984,24710.58984,24979.24023,25197.31055,24616.05078,1779681900
6647,20200803,HSI,24458.13086,24458.13086,24566.81055,24647.2793,24250.98047,2012723100
6648,20200804,HSI,24946.63086,24946.63086,24664.59961,25062.41016,24539.43945,1906615900
6649,20200805,HSI,25102.53906,25102.53906,25029.39063,25167.2207,24868.28906,1477936300
6650,20200806,HSI,24930.58008,24930.58008,25201.43945,25201.43945,24641.08984,1596206100
6651,20200807,HSI,24531.61914,24531.61914,24909.36914,24909.36914,24167.78906,1610164700
6652,20200811,HSI,24890.67969,24890.67969,24662.03906,25031.57031,24662.03906,1628363900
6653,20200812,HSI,25244.01953,25244.01953,24868.63086,25291.80078,24685.43945,1763950100
6654,20200813,HSI,25230.66992,25230.66992,25490.01953,25490.01953,25144.46094,1761196500
6655,20200814,HSI,25183.00977,25183.00977,25072.44922,25378.5293,25040.55078,1429766800
6656,20200817,HSI,25347.33984,25347.33984,25212.2793,25588.66992,25163.28906,1955689100
6657,20200818,HSI,25367.38086,25367.38086,25470.9707,25470.9707,25257.88086,1534776000
6658,20200819,HSI,25178.91016,25178.91016,25359.0293,25382.50977,25079.25,1132238600
6659,20200820,HSI,24791.39063,24791.39063,25055.34961,25055.34961,24621.32031,1995701500
6660,20200821,HSI,25113.83984,25113.83984,25007.13086,25178.78906,24885.85938,1210267900
6661,20200824,HSI,25551.58008,25551.58008,25352.78906,25551.58008,25325.15039,1352263800
6662,20200825,HSI,25486.2207,25486.2207,25586.99023,25621.08008,25352.25977,1350837400
6663,20200826,HSI,25491.78906,25491.78906,25520.41016,25603.16992,25360.0293,1319876200
6664,20200827,HSI,25281.15039,25281.15039,25469.76953,25469.76953,25186.41992,1701268300
6665,20200828,HSI,25422.06055,25422.06055,25330.76953,25749.40039,25258.16016,2065272600
6666,20200831,HSI,25177.05078,25177.05078,25732.49023,25847.10938,25177.05078,3195378200
6667,20200901,HSI,25184.84961,25184.84961,25085.66992,25254.14063,24995.44922,1729452000
6668,20200902,HSI,25120.08984,25120.08984,25239.85938,25239.85938,24931.16992,2349955800
6669,20200903,HSI,25007.59961,25007.59961,25026.99023,25216.01953,24854.58008,2007341100
6670,20200904,HSI,24695.44922,24695.44922,24668.80078,24813.96094,24488.64063,3393745100
6671,20200907,HSI,24589.65039,24589.65039,24621.01953,24908.28906,24475.60938,1682872900
6672,20200908,HSI,24624.33984,24624.33984,24785.25977,24785.25977,24341.32031,2074591000
6673,20200909,HSI,24468.92969,24468.92969,24295.41992,24520.91992,24213.35938,1749348400
6674,20200910,HSI,24313.53906,24313.53906,24584.93945,24615.59961,24293.21094,1349478000
6675,20200911,HSI,24503.31055,24503.31055,24352.63086,24572.66016,24293.0293,1306598900
6676,20200914,HSI,24640.2793,24640.2793,24569.0293,24750.94922,24556.51953,1091380700
6677,20200915,HSI,24732.75977,24732.75977,24621.65039,24826.86914,24621.65039,1733769600
6678,20200916,HSI,24725.63086,24725.63086,24823.96094,24829.86914,24635.24023,1303202100
6679,20200917,HSI,24340.84961,24340.84961,24676.41016,24713.78906,24250.90039,1630900300
6680,20200918,HSI,24455.41016,24455.41016,24381.13086,24501.16016,24295.00977,2301812900
6681,20200921,HSI,23950.68945,23950.68945,24483.91016,24542.55078,23928.01953,1602081500
6682,20200922,HSI,23716.84961,23716.84961,23839.66992,23908.50977,23675.61914,1553227700
6683,20200923,HSI,23742.50977,23742.50977,23701.11914,23795.18945,23559.99023,1642933400
6684,20200924,HSI,23311.07031,23311.07031,23537.83008,23590.41992,23225.33008,1913657500
6685,20200925,HSI,23235.41992,23235.41992,23425.75,23495.25977,23124.25,1794075400
6686,20200928,HSI,23476.05078,23476.05078,23284.08984,23523.81055,23250.33984,1446839400
6687,20200929,HSI,23275.5293,23275.5293,23584.60938,23601.40039,23256.91992,1526746600
6688,20200930,HSI,23459.05078,23459.05078,23548.89063,23780.86914,23368.49023,1453016000
6689,20201001,HSI,23459.05078,23459.05078,23548.89063,23780.86914,23368.49023,1453016000
6690,20201002,HSI,23459.05078,23459.05078,23548.89063,23780.86914,23368.49023,1453016000
6691,20201005,HSI,23767.7793,23767.7793,24039.39063,24039.39063,23674.51953,1420427500
6692,20201006,HSI,23980.65039,23980.65039,23895.21094,24005.0293,23842.25,1325452200
6693,20201007,HSI,24242.85938,24242.85938,23999.78906,24243.91016,23905.41992,1537076100
6694,20201008,HSI,24193.34961,24193.34961,24263.33008,24263.33008,24021.92969,1182030300
6695,20201009,HSI,24119.13086,24119.13086,24343.81055,24343.81055,24059.28906,1358969500
6696,20201012,HSI,24649.67969,24649.67969,24217.25,24702.81055,24196.80078,2430403500
6697,20201013,HSI,24649.67969,24649.67969,24217.25,24702.81055,24196.80078,2430403500
6698,20201014,HSI,24667.08984,24667.08984,24808.84961,24808.84961,24498.93945,2550042800
6699,20201015,HSI,24158.53906,24158.53906,24533.75,24573.25,24102.21094,2134202800
6700,20201016,HSI,24386.78906,24386.78906,24194.41016,24456.9707,24194.41016,2697525100
6701,20201019,HSI,24542.25977,24542.25977,24565.42969,24771.84961,24478.4707,3605537600
6702,20201020,HSI,24569.53906,24569.53906,24571.64063,24600.39063,24456.83984,1879052000
6703,20201021,HSI,24754.41992,24754.41992,24695.53906,24903,24653.16016,1929447200
6704,20201022,HSI,24786.13086,24786.13086,24696.31055,24817.00977,24556.55078,2486871200
6705,20201023,HSI,24918.7793,24918.7793,24773.11914,24970.58984,24683.25,2368156700
6706,20201026,HSI,24918.7793,24918.7793,24773.11914,24970.58984,24683.25,2368156700
6707,20201027,HSI,24787.18945,24787.18945,24839.9707,24872.51953,24602.10938,2435164600
6708,20201028,HSI,24708.80078,24708.80078,24773.53906,24844.78906,24586.06055,2011940400
6709,20201029,HSI,24586.59961,24586.59961,24290.00977,24678.90039,24258.56055,1936749000
6710,20201030,HSI,24107.41992,24107.41992,24535.90039,24600.53906,24029.94922,2537744200
6711,20201102,HSI,24460.00977,24460.00977,24274.83008,24486.01953,24232.66016,2355413200
6712,20201103,HSI,24939.73047,24939.73047,24689.56055,25048.5293,24689.50977,2244353000
6713,20201104,HSI,24886.14063,24886.14063,24790,25093.7207,24733.23047,2305561500
6714,20201105,HSI,25695.91992,25695.91992,25500.91016,25695.91992,25343.43945,2617492000
6715,20201106,HSI,25712.9707,25712.9707,25750.7793,25799.9707,25540.98047,2370476000
6716,20201109,HSI,26016.16992,26016.16992,26157.76953,26172.23047,25950.41016,2350101500
6717,20201110,HSI,26301.48047,26301.48047,26474.03906,26474.03906,26041.86914,3847144100
6718,20201111,HSI,26226.98047,26226.98047,26226.80078,26432.56055,26168.63086,4120773700
6719,20201112,HSI,26169.38086,26169.38086,26409.33984,26460.93945,26071.15039,2679020500
6720,20201113,HSI,26156.85938,26156.85938,26114.59961,26156.85938,25909.17969,2435105000
6721,20201116,HSI,26381.66992,26381.66992,26362.07031,26394.40039,26191.53906,2090236500
6722,20201117,HSI,26415.08984,26415.08984,26515.08984,26530.53906,26339.88086,2394565600
6723,20201118,HSI,26544.28906,26544.28906,26434.24023,26618.00977,26344.85938,2292758600
6724,20201119,HSI,26356.9707,26356.9707,26460.60938,26460.60938,26311.64063,2413890100
6725,20201120,HSI,26451.53906,26451.53906,26406.86914,26564.25,26313.2793,2149354400
6726,20201123,HSI,26486.19922,26486.19922,26659.78906,26662.66016,26369.33984,2235155500
6727,20201124,HSI,26588.19922,26588.19922,26630.33984,26630.33984,26409.76953,2014989400
6728,20201125,HSI,26669.75,26669.75,26819.96094,27040.41016,26591.30078,2859974400
6729,20201126,HSI,26819.44922,26819.44922,26695.25,26819.44922,26612,1977652900
6730,20201127,HSI,26894.67969,26894.67969,26758.49023,27009.15039,26704.59961,2733597200
6731,20201130,HSI,26341.49023,26341.49023,26853.39063,26960.92969,26322.67969,5742060100
6732,20201201,HSI,26567.67969,26567.67969,26422.71094,26662.17969,26375.24023,3564238900
6733,20201202,HSI,26532.58008,26532.58008,26670.11914,26670.11914,26379.48047,3704087400
6734,20201203,HSI,26728.5,26728.5,26623.41992,26781.99023,26556.01953,2830413900
6735,20201204,HSI,26835.91992,26835.91992,26811.58984,26835.91992,26652.33984,3205350200
6736,20201207,HSI,26506.84961,26506.84961,26870.58008,26870.58008,26256.40039,2806021200
6737,20201208,HSI,26304.56055,26304.56055,26460.34961,26460.34961,26270.91016,2542680300
6738,20201209,HSI,26502.83984,26502.83984,26510.41992,26666.93945,26445.66016,2537716200
6739,20201210,HSI,26410.58984,26410.58984,26335.25977,26434.4707,26287.01953,2000568900
6740,20201211,HSI,26505.86914,26505.86914,26634.21094,26704.00977,26443.00977,2497420400
6741,20201214,HSI,26389.51953,26389.51953,26522.09961,26544.11914,26318.10938,2210976700
6742,20201215,HSI,26207.28906,26207.28906,26418.92969,26436.03906,26127.67969,2587144400
6743,20201216,HSI,26460.28906,26460.28906,26421.21094,26510.18945,26318.74023,2043444500
6744,20201217,HSI,26678.38086,26678.38086,26608.43945,26678.38086,26390.58984,2262422800
6745,20201218,HSI,26498.59961,26498.59961,26650.49023,26668.09961,26363.05078,3080026700
6746,20201221,HSI,26306.67969,26306.67969,26422.61914,26498.65039,26274.65039,2044977300
6747,20201222,HSI,26119.25,26119.25,26260.7793,26365.19922,25998.86914,1747533900
6748,20201223,HSI,26343.09961,26343.09961,26083.10938,26343.09961,26071.75977,2009461800
6749,20201228,HSI,26314.63086,26314.63086,26288.36914,26514.08008,26264.32031,2669629600
6750,20201229,HSI,26568.49023,26568.49023,26490.44922,26618.7793,26432.91016,2304707300
6751,20201230,HSI,27147.10938,27147.10938,26695.10938,27159.4707,26670.9707,2552802900
6752,20210104,HSI,27472.81055,27472.81055,27087.13086,27502.83008,27079.24023,2870443300
6753,20210105,HSI,27649.85938,27649.85938,27281.33984,27690.21094,27150.38086,3282490100
6754,20210106,HSI,27692.30078,27692.30078,27613.33984,27756.42969,27389.7793,3079382600
6755,20210107,HSI,27548.51953,27548.51953,27715.93945,27752.35938,27457.4707,3775142800
6756,20210108,HSI,27878.2207,27878.2207,27630.0293,27920.76953,27538.19922,5667284000
6757,20210111,HSI,27908.2207,27908.2207,28003.98047,28176.65039,27794.81055,4366094600
6758,20210112,HSI,28276.75,28276.75,27894.28906,28276.75,27781.41992,3399606200
6759,20210113,HSI,28235.59961,28235.59961,28309.32031,28414.53906,28136.64063,3559366600
6760,20210114,HSI,28496.85938,28496.85938,28408.11914,28510.91992,28280.08984,3205592600
6761,20210115,HSI,28573.85938,28573.85938,28394.36914,28667.58984,28294.66016,4485371800
6762,20210118,HSI,28862.76953,28862.76953,28454.58984,28864.25,28390.28906,2956444000
6763,20210119,HSI,29642.2793,29642.2793,29100.16992,29848.42969,29100.16992,4568245300
6764,20210120,HSI,29962.4707,29962.4707,29794.41016,29993.4707,29676.53906,3937834200
6765,20210121,HSI,29927.75977,29927.75977,29951.7793,30135.5,29745.86914,3004888900
6766,20210122,HSI,29447.84961,29447.84961,29809.23047,29862.89063,29413.51953,3381738600
6767,20210125,HSI,30159.00977,30159.00977,29677.30078,30191.16016,29673.25977,3066515300
6768,20210126,HSI,29391.25977,29391.25977,29892.84961,29965.10938,29345.74023,4810723600
6769,20210127,HSI,29297.5293,29297.5293,29556.58008,29636.63086,29194.36914,3808971800
6770,20210128,HSI,28550.76953,28550.76953,28914.84961,29191.67969,28467.00977,2993470100
6771,20210129,HSI,28283.71094,28283.71094,28826.17969,28972.06055,28259.73047,3196757600
6772,20210201,HSI,28892.85938,28892.85938,28457.84961,28982.76953,28382.25977,2464276400
6773,20210202,HSI,29248.69922,29248.69922,29378.11914,29511,29198.85938,2739194600
6774,20210203,HSI,29307.46094,29307.46094,29305.41016,29312,28967.00977,2681355500
6775,20210204,HSI,29113.5,29113.5,29093.53906,29409,28775.38086,3032246200
6776,20210205,HSI,29288.67969,29288.67969,29305.08984,29495.64063,29184.08984,2675266500
6777,20210208,HSI,29319.4707,29319.4707,29629.08008,29706.08008,29293.64063,2196734100
6778,20210209,HSI,29476.18945,29476.18945,29442.5,29527.66992,29263.98047,1851043400
6779,20210210,HSI,30038.7207,30038.7207,29796.18945,30075.5,29732.23047,1998284900
6780,20210211,HSI,30173.57031,30173.57031,29995.2793,30184.16992,29828.61914,1192111200
6781,20210216,HSI,30746.66016,30746.66016,30675.82031,30793.48047,30497.40039,3269676200
6782,20210217,HSI,31084.93945,31084.93945,30636.36914,31168.30078,30503.46094,3144032900
6783,20210218,HSI,30595.26953,30595.26953,31183.35938,31183.35938,30570.55078,3687581000
6784,20210219,HSI,30644.73047,30644.73047,30483.46094,30720.15039,30099.71094,3317191700
6785,20210222,HSI,30319.83008,30319.83008,31071.60938,31071.60938,30298.58008,4449910100
6786,20210223,HSI,30632.64063,30632.64063,30189.9707,30948.4707,30126.40039,4605710300
6787,20210224,HSI,29718.24023,29718.24023,30702.65039,30792.88086,29532.67969,4846335300
